num,indID,mat,pop,lat,lon,state,region,pc1,trt,blockNum,blockID,nigrescens,bolted,dryWeight,stemHeight,stemWidth,closedCap,openCap,numSeed,numSeedCap,leafFreshWt,leafTurgWt,leafDryWt,RWC,boltDate,flowerDate,boltJulian,boltExpDays,flowerJulian,flowerExpDays,chlor_1,chlor_2,chlor_3,chlor_4,chlor_5,chlor_6,chlor_7,chlor_8
1,IL-4-3,IL-4,IL,47.168389,-123.113595,WA,US,3.756822763,C,C1,C1-1,0,1,27.16,55.6,3.19,23,10,88,2,0.25,0.24,0.05,105.2631579,5/10/2022,6/7/2022,130,1,158,29,49.8,41.6,43.2,45,38.2,34.3,39.3,39.8
2,NOR2-3-4,NOR2-3,NOR2,59.206117,10.37815,NOR,EU,-3.234658892,C,C1,C1-2,0,0,25.02,NA,NA,NA,NA,NA,NA,0.86,0.91,0.14,93.50649351,NA,NA,NA,NA,NA,NA,43.9,43.3,46.4,49.2,41.3,44.2,47,42.5
3,SP2-9-3,SP2-9,SP2,43.536733,-6.520533,SP,EU,2.178756034,C,C1,C1-3,0,1,25.36,59.2,4.6,9,0,0,0,0.61,0.61,0.13,100,6/3/2022,NA,154,25,NA,NA,38.7,36.7,38.1,39.9,40.8,36.6,35.6,33.4
4,NOR2-5-3,NOR2-5,NOR2,59.206117,10.37815,NOR,EU,-3.234658892,C,C1,C1-4,0,0,21.42,NA,NA,NA,NA,NA,NA,1.13,1.16,0.17,96.96969697,NA,NA,NA,NA,NA,NA,46.7,42.1,49.6,49.9,52.8,48.5,51.2,50.9
5,NOR2-7-2,NOR2-7,NOR2,59.206117,10.37815,NOR,EU,-3.234658892,C,C1,C1-5,0,0,24.11,NA,NA,NA,NA,NA,NA,1.25,1.34,0.21,92.03539823,NA,NA,NA,NA,NA,NA,41.1,41.6,35.8,41.5,40.1,36.5,31.6,37.9
6,IL-2-6,IL-2,IL,47.168389,-123.113595,WA,US,3.756822763,C,C1,C1-6,0,1,26.24,45.8,2.55,27,13,1,2,0.45,0.52,0.07,84.44444444,5/18/2022,6/20/2022,138,9,171,42,41.3,43.1,46,51.1,43.7,45.7,47.5,48.3
7,FR3-13-2,FR3-13,FR3,45.406583,5.42325,FR,EU,-1.632805986,C,C1,C1-7,1,1,29.48,65.8,4.61,22,4,0,2,0.62,0.65,0.11,94.44444444,5/15/2022,6/20/2022,135,6,171,42,41.4,42,45.4,45.1,43.3,42.7,43.1,38.1
8,NOR5-3-3,NOR5-3,NOR5,59.435433,10.494067,NOR,EU,-3.336593887,C,C1,C1-8,0,0,23.05,NA,NA,NA,NA,NA,NA,1.49,1.62,0.29,90.22556391,NA,NA,NA,NA,NA,NA,42.7,48.9,53.5,48.1,49.8,53.7,54.9,44.9
9,FR2-9-2,FR2-9,FR2,45.493017,5.382683,FR,EU,-1.632805986,C,C1,C1-9,0,1,23.58,44.1,4.44,14,3,25,2,1.14,1.28,0.2,87.03703704,5/11/2022,6/6/2022,131,2,157,28,41.6,42.8,49.8,47.8,47,47.2,53,48
10,FR2-1-2,FR2-1,FR2,45.493017,5.382683,FR,EU,-1.632805986,C,C1,C1-10,0,1,22.89,42.4,3.82,12,3,81,2,1.06,1.11,0.24,94.25287356,5/15/2022,6/13/2022,135,6,164,35,42.6,42.2,48.8,47.6,45.1,43.9,40.6,43.2
11,AP-7-1,AP-7,AP,45.80877,-121.27622,WA,US,2.000652915,C,C1,C1-11,0,1,23.54,57.7,4.18,6,0,0,0,1.07,1.13,0.21,93.47826087,6/13/2022,NA,164,35,NA,NA,48.2,31.7,40.6,46.9,41.7,44.7,43.6,38.4
12,SP4-4-4,SP4-4,SP4,43.025217,-5.825167,SP,EU,0.434514309,C,C1,C1-12,0,1,21.34,42.8,2.8,6,3,7,2,0.71,0.73,0.13,96.66666667,5/9/2022,5/29/2022,129,0,149,20,44.7,49.8,53,47,49.8,49.6,41.1,39.6
13,SP2-13-1,SP2-13,SP2,43.536733,-6.520533,SP,EU,2.178756034,C,C1,C1-13,0,1,23.51,58.7,3.67,4,1,0,2,0.7,0.76,0.14,90.32258065,5/16/2022,6/28/2022,136,7,179,50,33.9,37.5,44.6,39.9,37.4,34.6,37.2,37.2
14,DR-11-3,DR-11,DR,43.655301,-123.333033,OR,US,4.200970886,C,C1,C1-14,0,1,27.69,47.9,3.52,22,3,72,2,0.3,0.3,0.06,100,5/15/2022,6/11/2022,135,6,162,33,47.8,51.1,45.4,39.9,47.1,39.7,33.5,31.6
15,DR-2-1,DR-2,DR,43.655301,-123.333033,OR,US,4.200970886,C,C1,C1-15,0,1,26.14,55.8,3.82,14,3,13,2,0.85,0.96,0.18,85.8974359,5/18/2022,6/26/2022,138,9,177,48,44.8,41.2,46.6,43.5,48.6,50.7,50.2,49.1
16,JC-15-4,JC-15,JC,48.16472222,-123.2997222,WA,US,1.486506186,C,C2,C2-1,0,1,23.63,55.8,4.94,20,3,0,0,0.19,0.24,0.03,76.19047619,5/24/2022,NA,144,15,NA,NA,49.7,51.1,53.9,56.2,54,55.6,49.5,46.3
17,NOR5-8-1,NOR5-8,NOR5,59.435433,10.494067,NOR,EU,-3.336593887,C,C2,C2-2,0,0,21.81,NA,NA,NA,NA,NA,NA,0.33,0.36,0.07,89.65517241,NA,NA,NA,NA,NA,NA,43.5,41.2,44.1,40.7,37.4,37.5,36.4,38.3
18,WC-9-2,WC-9,WC,47.241995,-120.696261,WA,US,-0.008288374,C,C2,C2-3,0,1,23.3,50.3,4.21,12,6,1,2,0.58,0.6,0.11,95.91836735,5/23/2022,6/28/2022,143,14,179,50,43.8,42.5,57.5,53.7,46.4,50.7,51.5,47.9
19,AP-12-1,AP-12,AP,45.80877,-121.27622,WA,US,2.000652915,C,C2,C2-4,0,1,21.16,38.9,3.07,2,18,52,2,0.72,0.78,0.1,91.17647059,5/19/2022,6/18/2022,139,10,169,40,19.6,39.3,41.5,45.7,41.6,41.1,44.4,43.8
20,NOR5-5-4,NOR5-5,NOR5,59.435433,10.494067,NOR,EU,-3.336593887,C,C2,C2-5,0,0,19.73,NA,NA,NA,NA,NA,NA,1.24,1.3,0.25,94.28571429,NA,NA,NA,NA,NA,NA,41.2,42.1,49.2,53.5,55.1,54.4,43.7,46.4
21,AP-14-3,AP-14,AP,45.80877,-121.27622,WA,US,2.000652915,C,C2,C2-6,0,1,23.41,44.8,2.7,21,15,54,2,0.24,0.27,0.05,86.36363636,5/15/2022,6/18/2022,135,6,169,40,39.4,28.2,34.8,48.8,44.3,44,45.7,40.6
22,GER4-2-3,GER4-2,GER4,48.624617,8.640133,GER,EU,-2.434491549,C,C2,C2-7,0,0,24.14,NA,NA,NA,NA,NA,NA,0.61,0.68,0.14,87.03703704,NA,NA,NA,NA,NA,NA,46.3,46.1,43.4,42,39.6,36.6,37.4,36.8
23,FR3-8-4,FR3-8,FR3,45.406583,5.42325,FR,EU,-1.632805986,C,C2,C2-8,1,1,25.53,65.5,4.49,6,13,81,2,0.46,0.49,0.15,91.17647059,5/15/2022,6/11/2022,135,6,162,33,40.9,42.6,49.3,43.3,46.2,38.6,38.7,39.8
24,HL-4-3,HL-4,HL,45.909633,-122.616945,WA,US,3.617706732,C,C2,C2-9,0,1,21.37,36.1,3.47,14,9,24,2,0.69,0.78,0.14,85.9375,5/9/2022,6/2/2022,129,0,153,24,47,50.6,51.2,52.5,51.8,46.7,49.1,47.5
25,SP4-1-1,SP4-1,SP4,43.025217,-5.825167,SP,EU,0.434514309,C,C2,C2-10,0,1,22.03,63.7,3.73,6,2,0,2,0.37,0.43,0.07,83.33333333,6/1/2022,NA,152,23,NA,NA,39.8,40.1,39.1,40.4,37,33.3,38,39.4
26,IL-5-6,IL-5,IL,47.168389,-123.113595,WA,US,3.756822763,C,C2,C2-11,0,1,24.7,54.1,3.16,10,18,2,2,0.22,0.28,0.06,72.72727273,5/17/2022,6/20/2022,137,8,171,42,41.3,43.1,45.3,38.9,43.3,41.3,51.9,35.9
27,SE-13-3,SE-13,SE,42.27916,-123.641852,OR,US,4.77412624,C,C2,C2-12,0,1,27.98,64.3,3.68,11,2,0,2,0.47,0.49,0.1,94.87179487,5/31/2022,NA,151,22,NA,NA,35,39,37.3,37.1,36.1,35.9,42.7,47.9
28,HL-1-4,HL-1,HL,45.909633,-122.616945,WA,US,3.617706732,C,C2,C2-13,0,1,25.68,43.5,3.38,6,22,45,2,0.38,0.39,0.09,96.66666667,5/9/2022,6/8/2022,129,0,159,30,34.9,41.6,39,37.5,37.5,35.1,43.2,39
29,TR-10-4,TR-10,TR,48.94619,-122.35244,WA,US,1.179044273,C,C2,C2-14,0,0,16.25,NA,NA,NA,NA,NA,NA,0.28,0.3,0.05,92,NA,NA,NA,NA,NA,NA,37.5,35.9,37,41.8,31.8,23,37.4,49.5
30,DR-1-2,DR-1,DR,43.655301,-123.333033,OR,US,4.200970886,C,C2,C2-15,0,1,24.82,48.9,3.55,10,0,0,0,0.38,0.4,0.06,94.11764706,6/16/2022,NA,167,38,NA,NA,42.7,49.7,47,44.2,47.1,47.9,45.8,45.8
31,HO-2-4,HO-2,HO,44.224196,-123.511671,OR,US,4.323314778,C,C3,C3-1,0,1,26.09,50.4,3.63,3,5,30,2,0.67,0.73,0.12,90.16393443,5/17/2022,6/22/2022,137,8,173,44,48.8,46.4,50.6,49.4,43.1,45.5,43,38.4
32,DR-4-2,DR-4,DR,43.655301,-123.333033,OR,US,4.200970886,C,C3,C3-2,0,1,27.48,58,3.66,8,11,4,2,0.72,0.91,0.12,75.94936709,5/17/2022,6/22/2022,137,8,173,44,37.6,45,51.7,52.6,42.3,50,43.6,42.8
33,SP4-1-2,SP4-1,SP4,43.025217,-5.825167,SP,EU,0.434514309,C,C3,C3-3,0,1,26.47,50.6,4.43,12,3,67,2,0.44,0.48,0.08,90,5/17/2022,6/15/2022,137,8,166,37,47.9,48.1,55,54.2,46.7,48.9,50.1,44.2
34,LUX1-3-2,LUX1-3,LUX1,49.61855,6.1393,LUX,EU,-1.721640374,C,C3,C3-4,0,1,26.15,51.5,4.19,23,2,31,2,0.74,0.87,0.15,81.94444444,5/16/2022,6/18/2022,136,7,169,40,45.5,44.8,46.1,47,43,47.7,50.7,47.9
35,DR-1-1,DR-1,DR,43.655301,-123.333033,OR,US,4.200970886,C,C3,C3-5,0,1,25.27,44.2,4.42,15,3,0,2,0.94,1.11,0.18,81.72043011,5/25/2022,6/26/2022,145,16,177,48,45,43.8,42.8,44.2,40.7,52.1,50,51.7
36,JC-17-3,JC-17,JC,48.16472222,-123.2997222,WA,US,1.486506186,C,C3,C3-6,0,1,28.73,50.5,4.39,23,4,38,2,0.51,0.54,0.08,93.47826087,5/15/2022,6/16/2022,135,6,167,38,39.9,39,46.8,49.9,46.8,49.3,44.7,38.8
37,TR-10-3,TR-10,TR,48.94619,-122.35244,WA,US,1.179044273,C,C3,C3-7,0,1,27.79,63.7,3.59,40,3,0,2,0.75,0.82,0.14,89.70588235,5/16/2022,6/20/2022,136,7,171,42,41.6,43.3,42.7,41.7,37.2,43.4,42.5,41.2
38,GER4-2-4,GER4-2,GER4,48.624617,8.640133,GER,EU,-2.434491549,C,C3,C3-8,0,0,22.66,NA,NA,NA,NA,NA,NA,0.62,0.76,0.11,78.46153846,NA,NA,NA,NA,NA,NA,46.4,47.3,51,44.6,45.9,42.3,39.8,47.3
39,DR-4-4,DR-4,DR,43.655301,-123.333033,OR,US,4.200970886,C,C3,C3-9,0,1,26.51,66.4,3.65,18,2,44,2,0.89,0.98,0.17,88.88888889,5/17/2022,6/19/2022,137,8,170,41,49.5,57.4,49.4,47.5,55,47.4,54.9,56.4
40,JC-14-4,JC-14,JC,48.16472222,-123.2997222,WA,US,1.486506186,C,C3,C3-10,0,1,24.28,49.6,3.76,2,0,0,0,0.37,0.42,0.06,86.11111111,6/22/2022,NA,173,44,NA,NA,40.2,44.5,47.3,47.6,48.7,50.8,46.8,44.4
41,AP-2-1,AP-2,AP,45.80877,-121.27622,WA,US,2.000652915,C,C3,C3-11,0,1,23.15,33.2,3.07,14,5,37,2,0.25,0.32,0.03,75.86206897,5/15/2022,6/8/2022,135,6,159,30,45.9,46.8,51.5,44.7,48,43.8,45,50.3
42,TR-7-3,TR-7,TR,48.94619,-122.35244,WA,US,1.179044273,C,C3,C3-12,0,1,20.5,16.9,3.64,21,1,0,1,0.89,0.93,0.14,94.93670886,5/17/2022,NA,137,8,NA,NA,51.3,50.7,50.8,48.8,55.2,59.6,51.4,52
43,SE-15-3,SE-15,SE,42.27916,-123.641852,OR,US,4.77412624,C,C3,C3-13,0,1,27.49,59.3,3.65,17,2,33,2,0.31,0.44,0.06,65.78947368,5/12/2022,6/13/2022,132,3,164,35,39.8,34.3,39.7,36.5,36.3,38.8,42.2,41.5
44,JC-15-3,JC-15,JC,48.16472222,-123.2997222,WA,US,1.486506186,C,C3,C3-14,0,1,25.81,60.5,5.26,23,1,0,1,0.32,0.46,0.06,65,5/17/2022,NA,137,8,NA,NA,47,51.3,57.9,47.9,48,43.4,50.4,50.8
45,BJ-1-1,BJ-1,BJ,48.789608,-122.463926,WA,US,1.005059733,C,C3,C3-15,0,0,24.8,NA,NA,NA,NA,NA,NA,1.03,1.17,0.18,85.85858586,NA,NA,NA,NA,NA,NA,41.5,41.1,44.5,40.1,44.3,37.7,35.7,38.6
46,SP5-13-4,SP5-13,SP5,42.938767,-5.270633,SP,EU,-0.060749591,C,C4,C4-1,0,1,20.48,32.1,2.61,5,9,4,2,0.54,0.61,0.09,86.53846154,5/17/2022,6/17/2022,137,8,168,39,56.4,55.4,60,57.2,45.9,59.5,61.8,53.5
47,TR-12-1,TR-12,TR,48.94619,-122.35244,WA,US,1.179044273,C,C4,C4-2,0,0,19.82,NA,NA,NA,NA,NA,NA,0.93,1,0.15,91.76470588,NA,NA,NA,NA,NA,NA,32.3,37.9,44.7,47.5,44.9,44.6,37.8,41.3
48,WC-1-2,WC-1,WC,47.241995,-120.696261,WA,US,-0.008288374,C,C4,C4-3,0,1,21.83,48.4,3.38,3,5,6,2,0.34,0.35,0.06,96.55172414,5/27/2022,6/26/2022,147,18,177,48,25.2,31.8,39.5,39.6,31.4,35.7,35.5,36.5
49,SE-15-1,SE-15,SE,42.27916,-123.641852,OR,US,4.77412624,C,C4,C4-4,0,1,27.56,51.6,4.22,27,11,63,2,0.59,0.74,0.16,74.13793103,5/10/2022,6/13/2022,130,1,164,35,47.3,42.5,34.3,38.2,35.4,43.7,42.6,41
50,SE-14-1,SE-14,SE,42.27916,-123.641852,OR,US,4.77412624,C,C4,C4-5,0,1,26.71,36.7,3.68,28,12,26,2,0.91,0.97,0.14,92.77108434,5/13/2022,6/13/2022,133,4,164,35,40.2,39,42.8,36.7,36.4,39.4,44.4,40.4
51,AP-14-1,AP-14,AP,45.80877,-121.27622,WA,US,2.000652915,C,C4,C4-6,0,1,24.26,51.9,3.58,10,4,4,2,0.42,0.52,0.09,76.74418605,5/15/2022,6/24/2022,135,6,175,46,45.4,50.3,48.1,51.6,50.5,54.6,49.2,45.3
52,HL-13-5,HL-13,HL,45.909633,-122.616945,WA,US,3.617706732,C,C4,C4-7,0,0,21.18,NA,NA,NA,NA,NA,NA,1.46,1.53,0.25,94.53125,NA,NA,NA,NA,NA,NA,41.3,38.3,44.4,42.7,38.4,35.5,34.7,35
53,GER4-13-1,GER4-13,GER4,48.624617,8.640133,GER,EU,-2.434491549,C,C4,C4-8,0,0,20.6,NA,NA,NA,NA,NA,NA,1.03,1.1,0.2,92.22222222,NA,NA,NA,NA,NA,NA,43.4,47.4,47.1,47.2,44.8,40.4,41.7,42.5
54,NOR5-5-3,NOR5-5,NOR5,59.435433,10.494067,NOR,EU,-3.336593887,C,C4,C4-9,0,0,17.72,NA,NA,NA,NA,NA,NA,1.16,1.23,0.21,93.1372549,NA,NA,NA,NA,NA,NA,49.3,49.4,52.2,54.8,48.4,50.4,46.4,47.4
55,SP4-8-1,SP4-8,SP4,43.025217,-5.825167,SP,EU,0.434514309,C,C4,C4-10,0,1,27.67,39.3,2.26,15,6,30,2,0.76,0.88,0.17,83.09859155,5/9/2022,6/12/2022,129,0,163,34,40.6,44.6,46.2,47.8,44.6,43.3,44,43.5
56,HL-1-2,HL-1,HL,45.909633,-122.616945,WA,US,3.617706732,C,C4,C4-11,0,1,23.98,41.4,2.85,17,13,18,2,0.44,0.42,0.07,105.7142857,5/9/2022,6/8/2022,129,0,159,30,44.2,48.8,44.8,44.3,47.5,41.7,36.4,40.4
57,FR3-17-2,FR3-17,FR3,45.406583,5.42325,FR,EU,-1.632805986,C,C4,C4-12,1,1,25.86,79.2,3.6,8,7,0,2,0.76,0.81,0.16,92.30769231,5/13/2022,6/21/2022,133,4,172,43,45.9,54.7,51.1,53.6,49.1,47.6,41.6,46.2
58,AP-2-2,AP-2,AP,45.80877,-121.27622,WA,US,2.000652915,C,C4,C4-13,0,1,24.02,40.7,2.63,4,7,0,0,0.48,0.49,0.09,97.5,5/23/2022,6/16/2022,143,14,167,38,52.1,49.3,50.4,48.3,47.2,52.3,49.2,47.1
59,JC-1-4,JC-1,JC,48.16472222,-123.2997222,WA,US,1.486506186,C,C4,C4-14,0,1,27.11,72.8,4.57,22,1,0,1,0.51,0.55,0.07,91.66666667,5/24/2022,NA,144,15,NA,NA,29,40,43.4,46.6,46.7,46.4,49.1,49.7
60,HO-11-6,HO-11,HO,44.224196,-123.511671,OR,US,4.323314778,C,C4,C4-15,0,1,20.93,39.5,2.8,6,5,3,1,0.65,0.75,0.12,84.12698413,5/18/2022,6/26/2022,138,9,177,48,37.1,36.7,50.1,50,46.3,49.1,46,39.2
61,NOR2-7-1,NOR2-7,NOR2,59.206117,10.37815,NOR,EU,-3.234658892,C,C5,C5-1,0,0,17.36,NA,NA,NA,NA,NA,NA,0.66,0.72,0.15,89.47368421,NA,NA,NA,NA,NA,NA,38,35.1,36.4,37.2,38.1,41.2,39.5,38.5
62,FR3-8-6,FR3-8,FR3,45.406583,5.42325,FR,EU,-1.632805986,C,C5,C5-2,1,1,23.86,60.6,4.74,9,5,0,2,0.99,1.13,0.23,84.44444444,5/17/2022,6/20/2022,137,8,171,42,35.7,33.2,40.1,41.7,36.9,38.1,35.4,36.5
63,JC-17-1,JC-17,JC,48.16472222,-123.2997222,WA,US,1.486506186,C,C5,C5-3,0,1,25.59,46.6,3.37,22,13,17,2,0.48,0.54,0.09,86.66666667,5/13/2022,6/13/2022,133,4,164,35,50.4,52.2,49.7,50.9,48,42.6,44.7,45.3
64,SP2-12-3,SP2-12,SP2,43.536733,-6.520533,SP,EU,2.178756034,C,C5,C5-4,0,1,22.2,46.9,3.45,6,8,14,2,0.24,0.27,0.06,85.71428571,5/13/2022,6/5/2022,133,4,156,27,39.2,37.4,40.3,38.9,33.4,38.6,41.5,37.2
65,SE-14-3,SE-14,SE,42.27916,-123.641852,OR,US,4.77412624,C,C5,C5-5,0,1,27.39,69.4,5.41,36,0,0,0,0.54,0.59,0.09,90,5/28/2022,NA,148,19,NA,NA,43.3,40,40.5,43.6,43.4,42.3,41,35
66,SP4-4-2,SP4-4,SP4,43.025217,-5.825167,SP,EU,0.434514309,C,C5,C5-6,0,1,22.99,43.5,3.88,9,10,69,2,1.12,1.23,0.22,89.10891089,5/16/2022,6/15/2022,136,7,166,37,49.8,48.8,44.2,46.9,48,47.9,48.5,46.1
67,SP2-2-2,SP2-2,SP2,43.536733,-6.520533,SP,EU,2.178756034,C,C5,C5-7,0,1,22.14,58.1,3.98,6,4,20,2,0.77,0.85,0.15,88.57142857,5/12/2022,6/26/2022,132,3,177,48,36.8,35.1,38.8,37,35.5,38.7,38.5,36
68,NOR5-3-2,NOR5-3,NOR5,59.435433,10.494067,NOR,EU,-3.336593887,C,C5,C5-8,0,0,20.87,NA,NA,NA,NA,NA,NA,1.04,1.11,0.2,92.30769231,NA,NA,NA,NA,NA,NA,43.9,49.7,51.9,59,47.2,52.3,51.1,56.2
69,SE-11-6,SE-11,SE,42.27916,-123.641852,OR,US,4.77412624,C,C5,C5-9,0,0,22.86,NA,NA,NA,NA,NA,NA,0.6,0.64,0.11,92.45283019,NA,NA,NA,NA,NA,NA,36.3,38.7,40.2,45,42,39.5,36.3,35.8
70,NOR8-4-1,NOR8-4,NOR8,59.55275,10.441783,NOR,EU,-3.602537116,C,C5,C5-10,0,0,26.8,NA,NA,NA,NA,NA,NA,1.56,1.77,0.28,85.90604027,NA,NA,NA,NA,NA,NA,53.6,56.6,52.8,51.6,51.1,49.4,46,45.6
71,FR2-7-2,FR2-7,FR2,45.493017,5.382683,FR,EU,-1.632805986,C,C5,C5-11,0,0,26.65,NA,NA,NA,NA,NA,NA,1,1.06,0.3,92.10526316,NA,NA,NA,NA,NA,NA,40.4,36.5,40.4,35.1,33,35,36.7,31.1
72,IL-1-3,IL-1,IL,47.168389,-123.113595,WA,US,3.756822763,C,C5,C5-12,0,1,22.36,55.4,3.29,8,6,16,2,1.45,1.57,0.29,90.625,5/16/2022,6/21/2022,136,7,172,43,53.1,48.3,55.1,43.3,53,50.8,54.9,52.1
73,TR-12-2,TR-12,TR,48.94619,-122.35244,WA,US,1.179044273,C,C5,C5-13,0,1,22.38,67.5,3.77,9,0,0,0,0.61,0.66,0.13,90.56603774,6/9/2022,NA,160,31,NA,NA,37.9,37.8,38.9,40.8,31.9,37,37.7,38.2
74,TR-11-3,TR-11,TR,48.94619,-122.35244,WA,US,1.179044273,C,C5,C5-14,0,1,23.95,76.2,5.25,17,0,0,0,0.59,0.81,0.13,67.64705882,6/2/2022,NA,153,24,NA,NA,45.5,51.1,41.4,48.5,48.5,47.7,49.8,49.9
75,FR3-17-5,FR3-17,FR3,45.406583,5.42325,FR,EU,-1.632805986,C,C5,C5-15,0,1,27.15,94.7,4.54,17,4,0,2,0.79,0.88,0.19,86.95652174,5/25/2022,NA,145,16,NA,NA,33.9,40.6,38.5,38.7,34.3,39.3,43.3,36.1
76,BJ-15-1,BJ-15,BJ,48.789608,-122.463926,WA,US,1.005059733,C,C6,C6-1,0,1,26.41,47.6,3.21,19,4,101,2,0.97,1.08,0.19,87.64044944,5/16/2022,6/18/2022,136,7,169,40,34.5,38.6,40.3,36.5,31.3,34.9,40,36.2
77,JC-14-3,JC-14,JC,48.16472222,-123.2997222,WA,US,1.486506186,C,C6,C6-2,0,1,28.88,37.1,4.14,21,2,12,2,0.6,0.67,0.12,87.27272727,5/15/2022,6/21/2022,135,6,172,43,45.2,43.5,42.7,41.8,41.6,44.8,41.8,40.4
78,SE-15-2,SE-15,SE,42.27916,-123.641852,OR,US,4.77412624,C,C6,C6-3,0,1,26.07,39.5,4.13,29,2,27,2,1.37,1.37,0.23,100,5/10/2022,6/8/2022,130,1,159,30,44,45.2,45.7,40.7,38.3,39,48.6,41.2
79,SP2-12-1,SP2-12,SP2,43.536733,-6.520533,SP,EU,2.178756034,C,C6,C6-4,0,1,25.32,47.2,3.47,12,2,34,2,0.5,0.51,0.07,97.72727273,5/15/2022,6/21/2022,135,6,172,43,45.7,47.6,43.6,47.3,43.4,42.3,40.1,41.4
80,WC-1-4,WC-1,WC,47.241995,-120.696261,WA,US,-0.008288374,C,C6,C6-5,0,1,26.49,40.1,3.21,39,2,6,2,0.44,0.48,0.09,89.74358974,5/13/2022,6/11/2022,133,4,162,33,43.3,46.1,44.9,39.4,38.3,45.9,40.6,38.4
81,FR2-7-4,FR2-7,FR2,45.493017,5.382683,FR,EU,-1.632805986,C,C6,C6-6,0,1,25.79,54.9,4.21,25,3,45,2,1.18,1.28,0.23,90.47619048,5/9/2022,6/7/2022,129,0,158,29,40.8,45.1,50.8,50.4,48.7,39.9,40.6,42.4
82,TR-11-6,TR-11,TR,48.94619,-122.35244,WA,US,1.179044273,C,C6,C6-7,0,1,24.9,76.3,4.27,12,0,0,0,0.88,0.93,0.17,93.42105263,6/7/2022,NA,158,29,NA,NA,42.7,42,45.6,42.8,42.8,42.4,43.6,43.4
83,AP-2-3,AP-2,AP,45.80877,-121.27622,WA,US,2.000652915,C,C6,C6-8,0,1,23.77,40,3.07,37,2,49,2,0.98,1.07,0.16,90.10989011,5/8/2022,6/1/2022,128,-1,152,23,52.7,52,53.1,52.5,49,54.1,52.5,52.4
84,BJ-1-3,BJ-1,BJ,48.789608,-122.463926,WA,US,1.005059733,C,C6,C6-9,0,1,26.33,54,3.9,11,1,0,1,0.51,0.54,0.1,93.18181818,5/17/2022,NA,137,8,NA,NA,36.6,37.6,37,37.1,35.6,34.6,35.3,38.5
85,JC-17-5,JC-17,JC,48.16472222,-123.2997222,WA,US,1.486506186,C,C6,C6-10,0,1,23.36,45.7,2.95,18,4,12,2,0.92,0.95,0.14,96.2962963,5/18/2022,6/22/2022,138,9,173,44,37.2,43.4,48.1,43.1,43.8,41.7,43.5,39.8
86,DR-2-3,DR-2,DR,43.655301,-123.333033,OR,US,4.200970886,C,C6,C6-11,0,0,25.21,NA,NA,NA,NA,NA,NA,0.86,0.88,0.16,97.22222222,NA,NA,NA,NA,NA,NA,40.7,39.4,38.8,40,34.7,35.9,37.7,33.7
87,SP5-8-1,SP5-8,SP5,42.938767,-5.270633,SP,EU,-0.060749591,C,C6,C6-12,0,1,19.54,29.9,2.42,11,2,25,2,0.59,0.62,0.12,94,5/17/2022,6/21/2022,137,8,172,43,41.5,39.5,54.9,52.3,52.6,51.8,56.9,61.9
88,FR2-3-2,FR2-3,FR2,45.493017,5.382683,FR,EU,-1.632805986,C,C6,C6-13,0,1,27.42,50.2,4.49,9,2,61,2,0.38,0.48,0.08,75,5/11/2022,6/9/2022,131,2,160,31,48.8,45.8,45.9,42.3,41.8,40.6,45.9,42
89,HO-2-3,HO-2,HO,44.224196,-123.511671,OR,US,4.323314778,C,C6,C6-14,0,1,26.51,51.2,3.6,26,3,52,2,1.07,1.18,0.19,88.88888889,5/13/2022,6/15/2022,133,4,166,37,48.5,51.5,44.3,38,41.6,47.9,52.5,46.4
90,SP2-13-2,SP2-13,SP2,43.536733,-6.520533,SP,EU,2.178756034,C,C6,C6-15,0,1,18.35,49.1,3.81,4,0,0,0,0.94,1.03,0.16,89.65517241,6/20/2022,NA,171,42,NA,NA,36.9,35.3,31.9,34.6,28.3,36.8,41.6,39.7
91,NOR1-10-4,NOR1-10,NOR1,61.184167,7.233467,NOR,EU,-3.224529786,C,C7,C7-1,0,0,19.39,NA,NA,NA,NA,NA,NA,0.94,1.05,0.16,87.64044944,NA,NA,NA,NA,NA,NA,NA,NA,NA,36.4,41.8,43.7,42.8,44.7
92,AP-12-3,AP-12,AP,45.80877,-121.27622,WA,US,2.000652915,C,C7,C7-2,0,1,24.16,42.8,3.11,18,9,14,2,0.1,0.1,0.02,100,5/17/2022,6/21/2022,137,8,172,43,37.7,44.6,47.2,47,47.2,47.5,53.6,50
93,IL-5-4,IL-5,IL,47.168389,-123.113595,WA,US,3.756822763,C,C7,C7-3,0,1,23.47,48.6,3.43,14,11,22,2,0.14,0.17,0.03,78.57142857,5/9/2022,6/13/2022,129,0,164,35,41,37.8,36.5,39.2,37,40,41.3,40.5
94,SP5-8-2,SP5-8,SP5,42.938767,-5.270633,SP,EU,-0.060749591,C,C7,C7-4,0,1,20.53,32,2.33,15,2,0,0,0.4,0.46,0.08,84.21052632,5/19/2022,6/20/2022,139,10,171,42,54,52.3,62.9,60.4,49.5,54.6,56.8,53.2
95,HO-14-1,HO-14,HO,44.224196,-123.511671,OR,US,4.323314778,C,C7,C7-5,0,1,27.14,46.2,2.86,8,13,13,2,NA,NA,NA,NA,5/18/2022,6/14/2022,138,9,165,36,49.7,45.7,46.6,47.1,46.2,47.1,42.7,55.2
96,TR-11-4,TR-11,TR,48.94619,-122.35244,WA,US,1.179044273,C,C7,C7-6,0,1,23.71,38.4,3.09,4,0,0,0,0.45,0.5,0.11,87.17948718,6/14/2022,NA,165,36,NA,NA,48,49.2,55.9,54.4,52.3,49.9,49.5,49.5
97,WC-8-3,WC-8,WC,47.241995,-120.696261,WA,US,-0.008288374,C,C7,C7-7,0,1,22.77,49,3.89,5,9,9,2,0.25,0.31,0.08,73.91304348,5/9/2022,6/8/2022,129,0,159,30,54.6,55.5,59.1,58.2,60.8,61,62.5,54.4
98,TR-7-6,TR-7,TR,48.94619,-122.35244,WA,US,1.179044273,C,C7,C7-8,0,0,20.13,NA,NA,NA,NA,NA,NA,0.89,0.95,0.19,92.10526316,NA,NA,NA,NA,NA,NA,49.4,50.3,54.9,53.7,50.9,52.6,46.6,43.8
99,NOR2-7-6,NOR2-7,NOR2,59.206117,10.37815,NOR,EU,-3.234658892,C,C7,C7-9,0,0,19.84,NA,NA,NA,NA,NA,NA,0.81,0.86,0.18,92.64705882,NA,NA,NA,NA,NA,NA,35.6,38.5,39.7,41.1,37.9,32,36.1,39
100,NOR2-5-5,NOR2-5,NOR2,59.206117,10.37815,NOR,EU,-3.234658892,C,C7,C7-10,0,0,18.36,NA,NA,NA,NA,NA,NA,0.79,0.87,0.16,88.73239437,NA,NA,NA,NA,NA,NA,44.1,44.7,45.8,49.1,49.2,43.6,53.1,48
101,HL-13-4,HL-13,HL,45.909633,-122.616945,WA,US,3.617706732,C,C7,C7-11,0,1,24.73,43.9,3.08,4,16,35,2,0.42,0.43,0.08,97.14285714,5/9/2022,6/8/2022,129,0,159,30,49.8,43.7,47.6,46.9,44,47.3,55.7,47.2
102,IL-1-2,IL-1,IL,47.168389,-123.113595,WA,US,3.756822763,C,C7,C7-12,0,1,18.89,63.1,4.13,15,11,13,2,0.23,0.26,0.04,86.36363636,5/15/2022,6/21/2022,135,6,172,43,47.8,50.1,52.1,59,53.5,50,59.3,52.2
103,SE-11-3,SE-11,SE,42.27916,-123.641852,OR,US,4.77412624,C,C7,C7-13,0,1,23.49,41.3,4.63,5,0,0,0,0.38,0.42,0.08,88.23529412,6/1/2022,NA,152,23,NA,NA,41.9,41.8,46.3,42.7,36.3,38.7,42.4,36.5
104,HO-11-4,HO-11,HO,44.224196,-123.511671,OR,US,4.323314778,C,C7,C7-14,0,1,24.25,70.2,4.36,11,2,0,2,0.4,0.45,0.09,86.11111111,5/18/2022,NA,138,9,NA,NA,41.2,47.2,51.4,50.1,58.2,46.4,43.4,45.6
105,IL-2-3,IL-2,IL,47.168389,-123.113595,WA,US,3.756822763,C,C7,C7-15,0,1,24.4,37.4,3.15,11,16,71,2,0.9,0.98,0.17,90.12345679,5/8/2022,6/1/2022,128,-1,152,23,48.8,47.7,50.9,48,56.3,54.4,53.5,55.1
106,BJ-12-2,BJ-12,BJ,48.789608,-122.463926,WA,US,1.005059733,C,C8,C8-1,0,0,23.1,NA,NA,NA,NA,NA,NA,0.83,0.93,0.16,87.01298701,NA,NA,NA,NA,NA,NA,42.5,45.6,52.2,52.2,48.2,47.8,45.7,40.5
107,AP-14-2,AP-14,AP,45.80877,-121.27622,WA,US,2.000652915,C,C8,C8-2,0,1,25.31,53.2,4.26,23,10,42,2,0.22,0.28,0.08,70,5/11/2022,6/9/2022,131,2,160,31,50.5,51.7,49.1,53,44.9,44.2,44.1,48.3
108,HL-3-1,HL-3,HL,45.909633,-122.616945,WA,US,3.617706732,C,C8,C8-3,0,1,24.61,41.4,3.82,16,13,27,2,0.93,0.97,0.2,94.80519481,5/9/2022,6/5/2022,129,0,156,27,61.3,54.9,53.7,54.8,51.1,56,61.5,57.4
109,TR-12-5,TR-12,TR,48.94619,-122.35244,WA,US,1.179044273,C,C8,C8-4,0,1,22.07,25.9,4.07,1,0,0,0,0.79,0.83,0.11,94.44444444,NA,NA,NA,NA,NA,NA,40.1,41.7,47.8,43.3,41.9,43.4,35,35.1
110,SP2-12-2,SP2-12,SP2,43.536733,-6.520533,SP,EU,2.178756034,C,C8,C8-5,0,1,23.14,38.6,4.12,11,9,27,2,1.02,1.1,0.18,91.30434783,5/9/2022,6/2/2022,129,0,153,24,42.3,42.6,42.7,41.2,39.4,49.4,49,43.1
111,IL-4-4,IL-4,IL,47.168389,-123.113595,WA,US,3.756822763,C,C8,C8-6,0,1,23.02,45.3,2.98,28,8,43,2,1.2,1.36,0.22,85.96491228,5/9/2022,6/7/2022,129,0,158,29,43.9,39.5,44.3,44.4,40.6,48.9,48,51.5
112,HO-11-5,HO-11,HO,44.224196,-123.511671,OR,US,4.323314778,C,C8,C8-7,0,1,21.77,55.5,4.11,9,2,0,2,0.26,0.32,0.06,76.92307692,5/17/2022,NA,137,8,NA,NA,35.3,34.6,45.5,42.1,41,48.4,45.8,42.7
113,FR3-13-4,FR3-13,FR3,45.406583,5.42325,FR,EU,-1.632805986,C,C8,C8-8,0,0,17.75,NA,NA,NA,NA,NA,NA,0.82,0.83,0.11,98.61111111,NA,NA,NA,NA,NA,NA,29.5,34.1,30,40.6,37.8,38.2,38.4,33
114,WC-9-4,WC-9,WC,47.241995,-120.696261,WA,US,-0.008288374,C,C8,C8-9,0,1,24.88,46.8,3.1,14,5,6,2,0.43,0.45,0.08,94.59459459,5/17/2022,6/21/2022,137,8,172,43,48.4,49.8,49.5,48.3,43.6,51,43.9,40.8
115,JC-14-6,JC-14,JC,48.16472222,-123.2997222,WA,US,1.486506186,C,C8,C8-10,0,1,24.75,50.7,3.45,13,9,6,2,0.54,0.62,0.08,85.18518519,5/18/2022,6/16/2022,138,9,167,38,38.5,41.9,42.8,43.1,41.5,42,38.8,35.2
116,DR-11-4,DR-11,DR,43.655301,-123.333033,OR,US,4.200970886,C,C8,C8-11,0,1,26.86,48.9,4.32,21,10,74,2,0.78,0.81,0.14,95.52238806,5/8/2022,6/9/2022,128,-1,160,31,54,57.8,55,50.8,51.6,49.7,56.7,52.3
117,TR-7-4,TR-7,TR,48.94619,-122.35244,WA,US,1.179044273,C,C8,C8-12,0,1,21.96,58.1,5.36,13,0,0,0,1.06,1.14,0.17,91.75257732,6/15/2022,NA,166,37,NA,NA,48.4,46.1,51.6,52.7,52,53.6,50.9,54.9
118,HL-13-3,HL-13,HL,45.909633,-122.616945,WA,US,3.617706732,C,C8,C8-13,0,1,22.5,44.5,3.11,13,10,39,2,0.94,1.05,0.17,87.5,5/9/2022,6/13/2022,129,0,164,35,46.8,37.5,44.7,44.3,48.3,45,53.5,47.5
119,SE-13-4,SE-13,SE,42.27916,-123.641852,OR,US,4.77412624,C,C8,C8-14,0,1,28.42,89.5,4.31,21,1,0,1,0.4,0.47,0.11,80.55555556,5/18/2022,NA,138,9,NA,NA,31.3,39.5,44.3,38,41.4,39.7,42.5,40.8
120,AP-7-2,AP-7,AP,45.80877,-121.27622,WA,US,2.000652915,C,C8,C8-15,0,1,22.3,52.1,3.25,4,12,53,2,0.26,0.28,0.05,91.30434783,5/16/2022,6/18/2022,136,7,169,40,45.2,22.6,53,55.3,47.8,52.2,48.3,44
121,GER4-4-1,GER4-4,GER4,48.624617,8.640133,GER,EU,-2.434491549,C,C9,C9-1,0,1,23.84,56.8,5.14,9,0,0,0,1.28,1.44,0.26,86.44067797,6/2/2022,NA,153,24,NA,NA,43.7,44.2,46.9,51.3,49.3,46.2,45.6,46.2
122,HO-15-1,HO-15,HO,44.224196,-123.511671,OR,US,4.323314778,C,C9,C9-2,0,1,28.28,43.3,4.09,33,6,0,2,0.64,0.83,0.17,71.21212121,5/9/2022,6/21/2022,129,0,172,43,46.9,39.3,52.7,50.1,48.4,56.2,58.9,53.4
123,SP5-9-2,SP5-9,SP5,42.938767,-5.270633,SP,EU,-0.060749591,C,C9,C9-3,0,1,19.67,31,2.37,18,4,1,2,0.72,0.77,0.13,92.1875,5/15/2022,6/9/2022,135,6,160,31,49.6,49.2,56.5,54,62.1,56.4,58.9,50.8
124,DR-1-5,DR-1,DR,43.655301,-123.333033,OR,US,4.200970886,C,C9,C9-4,0,0,21.4,NA,NA,NA,NA,NA,NA,1.29,1.35,0.26,94.49541284,NA,NA,NA,NA,NA,NA,44.7,47.3,41,45.7,41.9,44,38.2,42
125,IL-2-4,IL-2,IL,47.168389,-123.113595,WA,US,3.756822763,C,C9,C9-5,0,1,25.61,42.8,3.26,9,14,76,2,0.68,0.7,0.14,96.42857143,5/11/2022,6/5/2022,131,2,156,27,47.9,47.5,45.8,45.7,38.5,47.7,50.4,44.4
126,NOR8-4-3,NOR8-4,NOR8,59.55275,10.441783,NOR,EU,-3.602537116,C,C9,C9-6,0,1,26.75,23.1,5.72,1,0,0,0,1.27,1.32,0.25,95.3271028,5/31/2022,NA,151,22,NA,NA,52.2,55,59.4,53.7,58.3,49.5,50.4,48.9
127,NOR5-6-4,NOR5-6,NOR5,59.435433,10.494067,NOR,EU,-3.336593887,C,C9,C9-7,0,0,21.07,NA,NA,NA,NA,NA,NA,1.6,1.77,0.32,88.27586207,NA,NA,NA,NA,NA,NA,47.7,51.7,54.5,55.1,55.6,52.3,55.9,53.4
128,SP4-8-2,SP4-8,SP4,43.025217,-5.825167,SP,EU,0.434514309,C,C9,C9-8,0,1,20.61,24.8,3.5,7,10,46,2,0.88,0.91,0.15,96.05263158,5/9/2022,6/4/2022,129,0,155,26,43,46.4,53.4,53,52.9,54.6,56.9,57.3
129,HL-3-2,HL-3,HL,45.909633,-122.616945,WA,US,3.617706732,C,C9,C9-9,0,1,23.79,49.4,4.53,19,9,2,2,0.53,0.58,0.09,89.79591837,5/9/2022,6/18/2022,129,0,169,40,45,46.5,48.9,44.9,50.6,51.5,57.4,52.6
130,IL-5-3,IL-5,IL,47.168389,-123.113595,WA,US,3.756822763,C,C9,C9-10,0,1,24.03,65.5,3.15,11,4,4,2,0.47,0.52,0.09,88.37209302,5/17/2022,6/24/2022,137,8,175,46,38.6,38.6,39.8,35.9,39,43.3,40,35.7
131,IL-1-1,IL-1,IL,47.168389,-123.113595,WA,US,3.756822763,C,C9,C9-11,0,1,27.03,59.5,3.97,19,10,20,2,0.93,1.05,0.16,86.51685393,5/18/2022,6/20/2022,138,9,171,42,49.1,40.7,45.1,45,48.2,52.1,56.8,50.3
132,SE-11-4,SE-11,SE,42.27916,-123.641852,OR,US,4.77412624,C,C9,C9-12,0,1,24.79,52.2,4.26,14,6,19,2,0.94,1.05,0.19,87.20930233,5/17/2022,6/21/2022,137,8,172,43,37.9,38.9,39.9,34.3,36.5,37.2,44.6,35.6
133,AP-12-2,AP-12,AP,45.80877,-121.27622,WA,US,2.000652915,C,C9,C9-13,0,1,23.67,45.4,3.35,14,10,80,2,0.82,0.9,0.16,89.18918919,5/15/2022,6/13/2022,135,6,164,35,40.9,48.3,47.2,42.7,47.4,48,48.3,35.7
134,DR-4-5,DR-4,DR,43.655301,-123.333033,OR,US,4.200970886,C,C9,C9-14,0,1,23.13,50.3,3.67,9,0,0,0,0.91,0.97,0.17,92.5,6/15/2022,NA,166,37,NA,NA,36,43.5,40,32.1,41.5,44.4,33.4,19.9
135,BJ-12-1,BJ-12,BJ,48.789608,-122.463926,WA,US,1.005059733,C,C9,C9-15,0,0,20.72,NA,NA,NA,NA,NA,NA,0.69,0.76,0.11,89.23076923,NA,NA,NA,NA,NA,NA,47.1,49.2,37.6,39.3,44.1,37,22.6,NA
136,HR-2-3,HR-2,HR,45.661346,-121.586227,OR,US,2.746371488,C,C10,C10-1,0,1,22.32,53.1,4.29,5,3,0,2,0.61,0.66,0.13,90.56603774,5/31/2022,NA,151,22,NA,NA,34.2,47.6,42.7,47.5,44.7,42.8,47.9,44.8
137,SP5-8-7,SP5-8,SP5,42.938767,-5.270633,SP,EU,-0.060749591,C,C10,C10-2,0,1,18.9,28.4,2.32,4,8,22,2,0.46,0.49,0.08,92.68292683,5/17/2022,6/18/2022,137,8,169,40,52.9,46.1,52.2,54.3,48.6,52.9,49.6,51.9
138,NOR5-8-3,NOR5-8,NOR5,59.435433,10.494067,NOR,EU,-3.336593887,C,C10,C10-3,0,0,22.85,NA,NA,NA,NA,NA,NA,0.76,0.74,0.2,103.7037037,NA,NA,NA,NA,NA,NA,49.8,51.1,50,51.1,45.5,41.6,39.1,40.1
139,SP5-8-5,SP5-8,SP5,42.938767,-5.270633,SP,EU,-0.060749591,C,C10,C10-4,0,1,19.86,35.3,2.66,7,2,10,2,0.98,1.14,0.17,83.50515464,5/17/2022,6/22/2022,137,8,173,44,49.3,56.4,61.2,60.9,56,62.5,63.4,65.5
140,SE-14-2,SE-14,SE,42.27916,-123.641852,OR,US,4.77412624,C,C10,C10-5,0,1,21.74,46.9,3.66,16,0,0,0,0.29,0.46,0.11,51.42857143,6/16/2022,NA,167,38,NA,NA,NA,NA,30.3,33.8,32.8,35.9,35.7,35
141,HL-4-4,HL-4,HL,45.909633,-122.616945,WA,US,3.617706732,C,C10,C10-6,0,1,22.38,36.6,3.31,3,5,15,2,0.35,0.43,0.1,75.75757576,5/11/2022,6/13/2022,131,2,164,35,50.2,53.1,57.9,53.6,50,55,48.1,45.2
142,JC-1-3,JC-1,JC,48.16472222,-123.2997222,WA,US,1.486506186,C,C10,C10-7,0,1,28.12,45.2,3.64,14,18,84,2,0.14,0.21,0.05,56.25,5/15/2022,6/15/2022,135,6,166,37,43.9,52.8,49.3,50.3,51.8,50.1,46.5,34.5
143,NOR2-3-3,NOR2-3,NOR2,59.206117,10.37815,NOR,EU,-3.234658892,C,C10,C10-8,0,0,23.39,NA,NA,NA,NA,NA,NA,0.68,0.81,0.2,78.68852459,NA,NA,NA,NA,NA,NA,38.7,46.8,48.1,46.2,42.5,38,38.4,45.2
144,LUX1-12-1,LUX1-12,LUX1,49.61855,6.1393,LUX,EU,-1.721640374,C,C10,C10-9,0,1,26.85,45.2,4.06,10,23,34,2,0.61,0.86,0.29,56.14035088,5/9/2022,6/13/2022,129,0,164,35,43.2,46.4,43.3,47.5,48.7,50.1,50,43.3
145,FR3-8-3,FR3-8,FR3,45.406583,5.42325,FR,EU,-1.632805986,C,C10,C10-10,0,0,23.15,NA,NA,NA,NA,NA,NA,0.72,0.96,0.3,63.63636364,NA,NA,NA,NA,NA,NA,40.3,40,41.5,41.2,46.1,39.7,36.1,33.5
146,HL-3-5,HL-3,HL,45.909633,-122.616945,WA,US,3.617706732,C,C10,C10-11,0,1,23.62,40.7,2.69,13,17,29,2,0.64,0.77,0.16,78.68852459,5/15/2022,6/16/2022,135,6,167,38,43.6,43.4,44.5,34.8,37.9,39,41.7,41
147,GER4-13-5,GER4-13,GER4,48.624617,8.640133,GER,EU,-2.434491549,C,C10,C10-12,0,0,19.45,NA,NA,NA,NA,NA,NA,0.76,0.82,0.16,90.90909091,NA,NA,NA,NA,NA,NA,38.3,46.5,46.2,43.9,47,46.5,46.1,41.1
148,HO-14-4,HO-14,HO,44.224196,-123.511671,OR,US,4.323314778,C,C10,C10-13,0,1,23.63,46.8,3.84,11,7,0,2,0.07,0.21,0.04,17.64705882,5/24/2022,6/27/2022,144,15,178,49,38.7,51.6,52.9,51,45,51.4,46,41.6
149,SP5-8-8,SP5-8,SP5,42.938767,-5.270633,SP,EU,-0.060749591,C,C10,C10-14,0,1,17.18,30.2,2.19,4,2,0,2,0.3,0.38,0.08,73.33333333,6/11/2022,6/28/2022,162,33,179,50,44.2,52.4,51.4,51.3,50,48.7,48.7,50.6
150,SP5-13-3,SP5-13,SP5,42.938767,-5.270633,SP,EU,-0.060749591,C,C10,C10-15,0,1,17.08,23.5,2.32,7,0,0,0,0.32,0.35,0.06,89.65517241,6/16/2022,NA,167,38,NA,NA,NA,NA,NA,NA,NA,NA,42.8,42.6
151,TR-11-5,TR-11,TR,48.94619,-122.35244,WA,US,1.179044273,T,T1,T1-1,0,1,22.63,49.5,3.75,11,2,0,2,0.84,0.91,0.18,90.4109589,5/15/2022,NA,135,6,NA,NA,43.5,41.3,55.2,54.3,45.5,53.1,51.1,48.3
152,SP2-9-1,SP2-9,SP2,43.536733,-6.520533,SP,EU,2.178756034,T,T1,T1-2,0,1,21.97,27,2.98,6,2,83,2,0.69,0.74,0.14,91.66666667,5/17/2022,6/13/2022,137,8,164,35,32.7,32.2,46.4,41.2,43.2,41.8,45.8,41.7
153,HO-15-2,HO-15,HO,44.224196,-123.511671,OR,US,4.323314778,T,T1,T1-3,0,1,22.46,30.3,3.53,7,1,0,1,1.04,1.12,0.2,91.30434783,5/18/2022,NA,138,9,NA,NA,37.2,39.9,41.9,51.2,48.1,55.1,55.3,58.6
154,NOR2-7-5,NOR2-7,NOR2,59.206117,10.37815,NOR,EU,-3.234658892,T,T1,T1-4,0,0,21.03,NA,NA,NA,NA,NA,NA,0.53,0.51,0.09,104.7619048,NA,NA,NA,NA,NA,NA,14.6,28.3,41.6,41.1,39,36.4,31.9,34.6
155,JC-1-2,JC-1,JC,48.16472222,-123.2997222,WA,US,1.486506186,T,T1,T1-5,0,1,23.93,49.2,4,16,4,4,1,0.54,0.58,0.08,92,5/17/2022,6/26/2022,137,8,177,48,43.6,46.6,56.6,64.5,68,60.5,57,60.4
156,HO-11-1,HO-11,HO,44.224196,-123.511671,OR,US,4.323314778,T,T1,T1-6,0,1,22.34,28.9,3.48,19,2,52,2,0.7,0.73,0.13,95,5/12/2022,6/16/2022,132,3,167,38,44.8,45,43,46.6,45,55.4,53.8,52.6
157,SP4-4-1,SP4-4,SP4,43.025217,-5.825167,SP,EU,0.434514309,T,T1,T1-7,0,1,22.05,10.5,2.49,1,0,0,0,0.58,0.65,0.11,87.03703704,NA,NA,NA,NA,NA,NA,45.9,44.8,54.6,58.9,54.5,47,42.7,43.8
158,IL-2-1,IL-2,IL,47.168389,-123.113595,WA,US,3.756822763,T,T1,T1-8,0,1,22.05,33.1,2.91,24,5,41,2,0.18,0.23,0.04,73.68421053,5/8/2022,6/5/2022,128,-1,156,27,43,46.1,31.1,38.2,31.7,49.8,51,50.9
159,IL-5-1,IL-5,IL,47.168389,-123.113595,WA,US,3.756822763,T,T1,T1-9,0,1,21.4,27.1,2.68,24,2,59,2,0.28,0.32,0.07,84,5/9/2022,6/5/2022,129,0,156,27,44.4,47.1,40.8,30.4,40.3,39.9,57.7,54.9
160,IL-1-6,IL-1,IL,47.168389,-123.113595,WA,US,3.756822763,T,T1,T1-10,0,1,20.59,37.2,2.65,6,2,9,2,1.07,1.15,0.21,91.4893617,5/18/2022,6/22/2022,138,9,173,44,47,40.7,44,44.6,39.8,45.6,52.7,41.6
161,FR3-13-1,FR3-13,FR3,45.406583,5.42325,FR,EU,-1.632805986,T,T1,T1-11,1,1,24.27,44.1,4.21,9,2,7,2,0.68,0.72,0.14,93.10344828,5/31/2022,6/29/2022,151,22,180,51,50.2,54.4,51.5,50.7,42.9,43.7,41.7,53.5
162,HL-13-1,HL-13,HL,45.909633,-122.616945,WA,US,3.617706732,T,T1,T1-12,0,1,21.46,10.4,2.01,1,0,0,0,0.65,0.72,0.13,88.13559322,NA,NA,NA,NA,NA,NA,43.8,49.6,42.7,37.2,41,43.2,41.2,54.6
163,WC-9-3,WC-9,WC,47.241995,-120.696261,WA,US,-0.008288374,T,T1,T1-13,0,1,20.13,30.9,2.81,4,0,0,0,0.69,0.68,0.14,101.8518519,NA,NA,NA,NA,NA,NA,48.1,49.6,54.2,47.3,46.1,47.8,44.9,60.9
164,SP2-13-4,SP2-13,SP2,43.536733,-6.520533,SP,EU,2.178756034,T,T1,T1-14,0,1,21.53,35.4,3.2,14,3,5,2,0.34,0.42,0.07,77.14285714,5/21/2022,6/23/2022,141,12,174,45,38.9,40.6,48.6,43.8,45.2,41,39.9,53.5
165,NOR2-5-4,NOR2-5,NOR2,59.206117,10.37815,NOR,EU,-3.234658892,T,T1,T1-15,0,0,18.13,NA,NA,NA,NA,NA,NA,0.67,0.73,0.12,90.16393443,NA,NA,NA,NA,NA,NA,33.9,36.3,28.7,34.6,33.8,37.9,42.1,42
166,GER4-13-2,GER4-13,GER4,48.624617,8.640133,GER,EU,-2.434491549,T,T2,T2-1,0,1,20.94,9.7,2.58,1,0,0,0,0.49,0.53,0.09,90.90909091,NA,NA,NA,NA,NA,NA,31.4,42.5,52.2,NA,49.7,44.9,37.2,40.5
167,SP5-13-1,SP5-13,SP5,42.938767,-5.270633,SP,EU,-0.060749591,T,T2,T2-2,0,1,19.82,37.8,2.5,6,5,3,1,0.18,0.19,0.04,93.33333333,5/26/2022,6/27/2022,146,17,178,49,30.9,36.5,52,48.1,50.8,49.9,42.9,51.4
168,IL-2-5,IL-2,IL,47.168389,-123.113595,WA,US,3.756822763,T,T2,T2-3,0,1,20.4,44.8,2.62,10,6,21,2,0.66,0.7,0.13,92.98245614,5/16/2022,6/15/2022,136,7,166,37,40.1,40.6,40.6,42.5,34.8,38.7,45.5,51.6
169,HO-14-2,HO-14,HO,44.224196,-123.511671,OR,US,4.323314778,T,T2,T2-4,0,1,22.82,37.2,2.75,21,4,2,2,0.35,0.37,0.07,93.33333333,5/17/2022,6/21/2022,137,8,172,43,46,41.5,34.2,48.3,42.3,50.8,48.9,55.4
170,SP2-13-3,SP2-13,SP2,43.536733,-6.520533,SP,EU,2.178756034,T,T2,T2-5,0,1,17.96,30.1,4.34,2,0,0,0,0.62,0.66,0.14,92.30769231,NA,NA,NA,NA,NA,NA,35.1,40.6,61.6,NA,47.5,38.7,40.1,51.8
171,SE-15-7,SE-15,SE,42.27916,-123.641852,OR,US,4.77412624,T,T2,T2-6,0,1,22.32,34.1,2.81,6,6,40,2,0.39,0.41,0.06,94.28571429,5/15/2022,6/13/2022,135,6,164,35,46.2,42.4,40.4,37.7,32.2,49.9,46,43.7
172,BJ-12-4,BJ-12,BJ,48.789608,-122.463926,WA,US,1.005059733,T,T2,T2-6,0,0,NA,NA,NA,NA,NA,NA,NA,NA,NA,NA,NA,NA,NA,NA,NA,NA,NA,NA,NA,NA,NA,46.2,52.4,NA,60.4
173,AP-14-4,AP-14,AP,45.80877,-121.27622,WA,US,2.000652915,T,T2,T2-7,0,1,22.61,49.5,3.57,10,5,2,2,0.53,0.56,0.12,93.18181818,5/15/2022,6/21/2022,135,6,172,43,46.4,48.1,48.9,46.1,49,58.1,50,51.9
174,SP4-4-5,SP4-4,SP4,43.025217,-5.825167,SP,EU,0.434514309,T,T2,T2-8,0,1,20.15,37.6,2.68,7,3,33,2,0.47,0.48,0.07,97.56097561,5/19/2022,6/19/2022,139,10,170,41,40.9,46.6,50.8,49.6,NA,NA,50.5,57.4
175,HO-11-3,HO-11,HO,44.224196,-123.511671,OR,US,4.323314778,T,T2,T2-9,0,1,22.14,32.7,3.32,6,7,11,2,0.36,0.37,0.06,96.77419355,5/11/2022,6/19/2022,131,2,170,41,45,48.1,37.2,36.4,36.5,57.3,50.7,47
176,NOR2-5-6,NOR2-5,NOR2,59.206117,10.37815,NOR,EU,-3.234658892,T,T2,T2-10,0,0,18.41,NA,NA,NA,NA,NA,NA,0.47,0.53,0.1,86.04651163,NA,NA,NA,NA,NA,NA,35.5,37.9,40.4,44.3,42.7,44.1,46.8,56.7
177,DR-4-3,DR-4,DR,43.655301,-123.333033,OR,US,4.200970886,T,T2,T2-11,0,1,23.83,61.8,3.31,11,7,7,2,0.49,0.52,0.11,92.68292683,5/15/2022,6/20/2022,135,6,171,42,46.4,41.9,43.2,43.6,50.3,54.4,46.2,52.3
178,LUX1-12-2,LUX1-12,LUX1,49.61855,6.1393,LUX,EU,-1.721640374,T,T2,T2-12,0,0,21.54,NA,NA,NA,NA,NA,NA,0.52,0.56,0.09,91.4893617,NA,NA,NA,NA,NA,NA,32.5,33.2,36.4,34.5,38.3,36.2,38.5,47
179,HL-1-1,HL-1,HL,45.909633,-122.616945,WA,US,3.617706732,T,T2,T2-13,0,1,20.68,36.1,2.99,2,5,8,2,0.34,0.39,0.09,83.33333333,5/21/2022,6/21/2022,141,12,172,43,34.7,38.6,40.6,38,33.7,37.8,38.2,42.4
180,JC-1-5,JC-1,JC,48.16472222,-123.2997222,WA,US,1.486506186,T,T2,T2-14,0,1,20.05,52.7,3.11,8,1,0,1,0.18,0.2,0.03,88.23529412,6/1/2022,NA,152,23,NA,NA,35.8,46.2,38.5,32.5,37.6,35.1,35.4,42.5
181,DR-1-4,DR-1,DR,43.655301,-123.333033,OR,US,4.200970886,T,T2,T2-15,0,1,20.7,32.9,3.7,3,0,0,0,0.75,0.81,0.18,90.47619048,6/1/2022,NA,152,23,NA,NA,37.4,35.5,37,35.6,34.8,32.7,37.9,NA
182,AP-12-4,AP-12,AP,45.80877,-121.27622,WA,US,2.000652915,T,T3,T3-1,0,1,19.59,22.3,2.63,15,8,47,2,0.76,0.81,0.12,92.75362319,5/16/2022,6/13/2022,136,7,164,35,40.4,41.4,47,50.2,44.5,50.6,56.6,54.2
183,TR-12-4,TR-12,TR,48.94619,-122.35244,WA,US,1.179044273,T,T3,T3-2,0,1,22.12,48.7,3.46,6,0,0,0,0.84,0.89,0.21,92.64705882,6/15/2022,NA,166,37,NA,NA,42.2,42.5,50.7,50.3,46.8,41.7,46,40.6
184,BJ-1-4,BJ-1,BJ,48.789608,-122.463926,WA,US,1.005059733,T,T3,T3-3,0,1,21.16,29.6,2.82,12,9,40,2,0.92,0.96,0.17,94.93670886,5/11/2022,6/11/2022,131,2,162,33,35.8,38.4,43.7,37.8,35.1,40.7,43.5,46.8
185,SP2-12-5,SP2-12,SP2,43.536733,-6.520533,SP,EU,2.178756034,T,T3,T3-4,0,1,20.38,30.3,4.33,5,11,1,2,0.25,0.25,0.03,100,5/13/2022,6/7/2022,133,4,158,29,32.2,37,40.1,41.5,36.4,40.9,43,39.4
186,DR-1-3,DR-1,DR,43.655301,-123.333033,OR,US,4.200970886,T,T3,T3-5,0,0,22.12,NA,NA,NA,NA,NA,NA,0.66,0.75,0.17,84.48275862,NA,NA,NA,NA,NA,NA,44.9,41.8,40.5,38.1,36.8,38.4,45.1,49.3
187,JC-1-1,JC-1,JC,48.16472222,-123.2997222,WA,US,1.486506186,T,T3,T3-6,0,1,21.9,38.4,3.17,14,12,47,2,0.43,0.43,0.08,100,5/15/2022,6/15/2022,135,6,166,37,49.9,40.9,45.3,59.7,47.8,56.8,62.4,64.8
188,NOR8-4-2,NOR8-4,NOR8,59.55275,10.441783,NOR,EU,-3.602537116,T,T3,T3-7,0,0,22.63,NA,NA,NA,NA,NA,NA,1.16,1.17,0.24,98.92473118,NA,NA,NA,NA,NA,NA,46,49.4,52.2,60.6,53.5,52.7,49.5,53.9
189,NOR2-7-3,NOR2-7,NOR2,59.206117,10.37815,NOR,EU,-3.234658892,T,T3,T3-8,0,0,22.52,NA,NA,NA,NA,NA,NA,0.4,0.39,0.06,103.030303,NA,NA,NA,NA,NA,NA,42.5,40.4,46.4,48.7,46.5,48.3,39.4,47
190,AP-7-4,AP-7,AP,45.80877,-121.27622,WA,US,2.000652915,T,T3,T3-9,0,1,19.38,31.8,3.43,2,7,97,2,0.54,0.61,0.11,86,5/9/2022,6/6/2022,129,0,157,28,37.7,50.4,48.2,29.9,42.7,51.7,54.3,55.9
191,NOR1-10-1,NOR1-10,NOR1,61.184167,7.233467,NOR,EU,-3.224529786,T,T3,T3-10,0,0,19.73,NA,NA,NA,NA,NA,NA,0.76,0.84,0.17,88.05970149,NA,NA,NA,NA,NA,NA,39,42.8,41.2,46.7,47.2,53.4,49.6,47.1
192,AP-14-6,AP-14,AP,45.80877,-121.27622,WA,US,2.000652915,T,T3,T3-11,0,1,20.83,28.8,2.22,8,5,14,2,0.38,0.42,0.05,89.18918919,5/16/2022,6/20/2022,136,7,171,42,41.4,42.5,44.8,34.6,37.2,48.1,48.2,61.2
193,IL-1-7,IL-1,IL,47.168389,-123.113595,WA,US,3.756822763,T,T3,T3-12,0,1,18.76,43.9,2.77,7,2,0,2,0.51,0.6,0.08,82.69230769,6/5/2022,NA,156,27,NA,NA,28.8,35,39.5,38.2,36.6,38.2,41.7,49
194,HL-4-2,HL-4,HL,45.909633,-122.616945,WA,US,3.617706732,T,T3,T3-13,0,1,19.3,39.8,3.15,6,10,49,2,0.62,0.68,0.13,89.09090909,5/11/2022,6/9/2022,131,2,160,31,44.9,45.3,46.9,37.7,46.4,47.4,50.5,55.8
195,WC-8-2,WC-8,WC,47.241995,-120.696261,WA,US,-0.008288374,T,T3,T3-14,0,1,22.12,38.4,3.95,13,9,34,2,0.93,1.05,0.2,85.88235294,5/18/2022,6/14/2022,138,9,165,36,35.7,49.1,47.8,46.5,46,54.1,65.7,65.5
196,HO-11-7,HO-11,HO,44.224196,-123.511671,OR,US,4.323314778,T,T3,T3-15,0,1,20.05,36.1,2.98,12,0,0,0,0.79,0.88,0.18,87.14285714,6/8/2022,NA,159,30,NA,NA,30.4,45.3,50.6,45.7,41.3,40.7,45.9,48.8
197,NOR8-4-5,NOR8-4,NOR8,59.55275,10.441783,NOR,EU,-3.602537116,T,T4,T4-1,0,0,19.06,NA,NA,NA,NA,NA,NA,0.56,0.61,0.14,89.36170213,NA,NA,NA,NA,NA,NA,24.1,39.3,54.4,51.7,42.9,31.3,40.2,40.6
198,HL-4-1,HL-4,HL,45.909633,-122.616945,WA,US,3.617706732,T,T4,T4-2,0,1,19.93,36.4,2.91,16,12,64,2,0.51,0.53,0.1,95.34883721,5/9/2022,6/13/2022,129,0,164,35,45,44.9,52.8,50,62.5,52.6,61.6,64.5
199,HO-2-2,HO-2,HO,44.224196,-123.511671,OR,US,4.323314778,T,T4,T4-3,0,1,19.68,44.6,2.86,3,5,38,2,0.36,0.42,0.09,81.81818182,5/19/2022,6/22/2022,139,10,173,44,41.1,41.7,40.4,52.7,46.5,46.4,48.3,53.7
200,HL-1-3,HL-1,HL,45.909633,-122.616945,WA,US,3.617706732,T,T4,T4-4,0,1,20.15,27.7,3.6,14,6,49,2,0.36,0.41,0.07,85.29411765,5/9/2022,6/1/2022,129,0,152,23,41.2,40,35,49.1,44.2,46.2,48.8,50.1
201,GER4-2-2,GER4-2,GER4,48.624617,8.640133,GER,EU,-2.434491549,T,T4,T4-5,0,1,22.1,24.4,5.36,4,0,0,0,0.28,0.31,0.05,88.46153846,6/8/2022,NA,159,30,NA,NA,46.7,45,48.2,51.6,46.9,42.3,39.4,36.2
202,AP-12-6,AP-12,AP,45.80877,-121.27622,WA,US,2.000652915,T,T4,T4-6,0,1,19.59,36.1,2.67,4,16,24,2,0.51,0.55,0.08,91.4893617,5/19/2022,6/28/2022,139,10,179,50,33.2,37,45.7,51,51,50.3,51.7,52.6
203,NOR5-3-4,NOR5-3,NOR5,59.435433,10.494067,NOR,EU,-3.336593887,T,T4,T4-7,0,0,20.68,NA,NA,NA,NA,NA,NA,0.52,0.6,0.11,83.67346939,NA,NA,NA,NA,NA,NA,51,56.9,62,64.6,70.6,54.4,55.6,59.9
204,HL-13-2,HL-13,HL,45.909633,-122.616945,WA,US,3.617706732,T,T4,T4-8,0,1,20.89,37.2,3.38,8,6,29,2,0.26,0.27,0.08,94.73684211,5/17/2022,6/16/2022,137,8,167,38,43.4,41.6,40.1,40.5,35.9,56,58.7,63.4
205,IL-1-5,IL-1,IL,47.168389,-123.113595,WA,US,3.756822763,T,T4,T4-9,0,1,19.22,43.1,3.35,7,1,0,1,0.77,0.81,0.16,93.84615385,6/1/2022,NA,152,23,NA,NA,42.7,47.1,46.5,47.7,47.1,49.9,46,56.8
206,NOR2-3-2,NOR2-3,NOR2,59.206117,10.37815,NOR,EU,-3.234658892,T,T4,T4-10,0,0,20.5,NA,NA,NA,NA,NA,NA,0.94,1.02,0.18,90.47619048,NA,NA,NA,NA,NA,NA,43.3,43.6,46.7,46.4,47.8,47.4,36.6,48
207,JC-17-6,JC-17,JC,48.16472222,-123.2997222,WA,US,1.486506186,T,T4,T4-11,0,1,20.04,44.1,2.65,4,5,12,2,0.23,0.26,0.06,85,5/23/2022,6/23/2022,143,14,174,45,46,58.1,51.4,53,39.6,46.8,45.2,57.1
208,SE-11-1,SE-11,SE,42.27916,-123.641852,OR,US,4.77412624,T,T4,T4-12,0,1,19.97,31.3,4.24,10,2,0,2,0.13,0.16,0.01,80,5/17/2022,6/28/2022,137,8,179,50,33.9,30.6,43.2,42,39.9,43.3,48.9,52.9
209,SE-14-5,SE-14,SE,42.27916,-123.641852,OR,US,4.77412624,T,T4,T4-13,0,1,19.88,36.1,3.09,4,7,34,2,0.15,0.17,0.04,84.61538462,5/16/2022,6/16/2022,136,7,167,38,41.7,37.6,37.9,32.8,28.5,35.8,41.1,50.6
210,HO-14-3,HO-14,HO,44.224196,-123.511671,OR,US,4.323314778,T,T4,T4-14,0,1,20.79,35.8,2.5,5,4,15,1,0.24,0.2,0.04,125,5/19/2022,6/26/2022,139,10,177,48,39.3,49.3,47.7,40.1,41.5,50.4,52.9,48.7
211,SP2-9-2,SP2-9,SP2,43.536733,-6.520533,SP,EU,2.178756034,T,T4,T4-15,0,1,20.97,34.6,2.72,6,6,14,2,0.19,0.16,0.03,123.0769231,5/9/2022,6/23/2022,129,0,174,45,45.8,50.2,53.7,49.9,39.3,49.5,46.2,52.4
212,TR-12-6,TR-12,TR,48.94619,-122.35244,WA,US,1.179044273,T,T5,T5-1,0,0,19.94,NA,NA,NA,NA,NA,NA,0.48,0.47,0.14,103.030303,NA,NA,NA,NA,NA,NA,41,37.8,45.1,36.9,37.5,39,39.5,43
213,SP5-8-6,SP5-8,SP5,42.938767,-5.270633,SP,EU,-0.060749591,T,T5,T5-2,0,1,19.06,19.1,2.62,8,9,15,1,0.28,0.3,0.06,91.66666667,5/19/2022,6/18/2022,139,10,169,40,44.9,41.9,46.8,47.7,40.1,41.3,43.7,53.9
214,SP5-9-1,SP5-9,SP5,42.938767,-5.270633,SP,EU,-0.060749591,T,T5,T5-3,0,1,17.89,26.9,2.9,8,0,0,0,0.29,0.33,0.05,85.71428571,5/18/2022,NA,138,9,NA,NA,46.7,47.8,49.3,45.9,49.5,49.5,52.8,56
215,SE-11-2,SE-11,SE,42.27916,-123.641852,OR,US,4.77412624,T,T5,T5-4,0,1,21.2,22.1,2.99,5,6,37,2,0.19,0.21,0.04,88.23529412,5/18/2022,6/20/2022,138,9,171,42,44.6,46.8,31.4,40.6,45,44.4,53.5,53.4
216,TR-11-2,TR-11,TR,48.94619,-122.35244,WA,US,1.179044273,T,T5,T5-5,0,0,19.55,NA,NA,NA,NA,NA,NA,0.38,0.42,0.08,88.23529412,NA,NA,NA,NA,NA,NA,45.3,42.7,46.5,46.8,41.2,46.5,48.2,48.1
217,HL-3-3,HL-3,HL,45.909633,-122.616945,WA,US,3.617706732,T,T5,T5-6,0,1,21.02,23.1,3.02,3,5,19,2,0.53,0.57,0.12,91.11111111,5/17/2022,6/18/2022,137,8,169,40,42.9,45.3,45.1,40.6,41.1,44.4,54,55.5
218,DR-11-1,DR-11,DR,43.655301,-123.333033,OR,US,4.200970886,T,T5,T5-7,0,1,21.77,35.5,4.21,14,7,16,2,0.55,0.66,0.16,78,5/15/2022,6/20/2022,135,6,171,42,47.7,50.7,49.5,47.4,45.9,55.7,59.3,64.8
219,LUX1-12-3,LUX1-12,LUX1,49.61855,6.1393,LUX,EU,-1.721640374,T,T5,T5-8,0,0,21.41,NA,NA,NA,NA,NA,NA,0.33,0.36,0.06,90,NA,NA,NA,NA,NA,NA,42.4,42.3,45.6,53,50.6,49.6,47.2,43.7
220,GER4-13-3,GER4-13,GER4,48.624617,8.640133,GER,EU,-2.434491549,T,T5,T5-9,0,0,19.35,NA,NA,NA,NA,NA,NA,0.89,0.92,0.19,95.89041096,NA,NA,NA,NA,NA,NA,39.5,40.1,39.2,42.7,35.9,47.1,49.6,48.9
221,JC-14-1,JC-14,JC,48.16472222,-123.2997222,WA,US,1.486506186,T,T5,T5-10,0,1,21.46,32.1,3.79,16,1,13,1,0.66,0.7,0.15,92.72727273,5/15/2022,6/22/2022,135,6,173,44,45.6,48.5,56.5,53.4,58.7,56,66.7,56.8
222,AP-7-3,AP-7,AP,45.80877,-121.27622,WA,US,2.000652915,T,T5,T5-11,0,0,20.09,NA,NA,NA,NA,NA,NA,0.28,0.33,0.07,80.76923077,NA,NA,NA,NA,NA,NA,41.4,42.9,47.7,41.1,40.4,37.1,44.1,50.4
223,IL-5-7,IL-5,IL,47.168389,-123.113595,WA,US,3.756822763,T,T5,T5-12,0,1,19.14,35.7,2.57,6,4,36,2,0.84,0.96,0.2,84.21052632,5/15/2022,6/18/2022,135,6,169,40,33.5,40.7,41.4,39.6,36.4,35,41.1,49.7
224,SP5-13-2,SP5-13,SP5,42.938767,-5.270633,SP,EU,-0.060749591,T,T5,T5-12,0,0,15.54,NA,NA,NA,NA,NA,NA,NA,NA,NA,NA,NA,NA,NA,NA,NA,NA,NA,NA,NA,NA,NA,44.8,NA,33
225,AP-12-5,AP-12,AP,45.80877,-121.27622,WA,US,2.000652915,T,T5,T5-13,0,1,19.98,35,3.38,6,6,32,2,0.63,0.73,0.15,82.75862069,5/18/2022,6/20/2022,138,9,171,42,37,40.7,45.8,41.2,33.3,NA,49.1,52.8
226,NOR8-4-6,NOR8-4,NOR8,59.55275,10.441783,NOR,EU,-3.602537116,T,T5,T5-14,0,0,18.09,NA,NA,NA,NA,NA,NA,0.76,0.85,0.15,87.14285714,NA,NA,NA,NA,NA,NA,NA,31.6,37.2,40.6,38.7,42.4,41.5,53.4
227,HR-2-1,HR-2,HR,45.661346,-121.586227,OR,US,2.746371488,T,T5,T5-15,0,1,23.23,33.7,3.39,10,10,12,2,0.35,0.41,0.09,81.25,5/15/2022,6/16/2022,135,6,167,38,41.2,45.4,48.9,43.7,39,45.5,41.8,54.3
228,BJ-15-2,BJ-15,BJ,48.789608,-122.463926,WA,US,1.005059733,T,T6,T6-1,0,0,19.42,NA,NA,NA,NA,NA,NA,0.97,1.08,0.17,87.91208791,NA,NA,NA,NA,NA,NA,29.3,31.5,48,48,47.7,44.4,39.9,44
229,NOR2-7-4,NOR2-7,NOR2,59.206117,10.37815,NOR,EU,-3.234658892,T,T6,T6-2,0,0,21.29,NA,NA,NA,NA,NA,NA,0.32,0.37,0.05,84.375,NA,NA,NA,NA,NA,NA,43.4,44.1,43.5,45.4,40.8,54.2,46,44.7
230,TR-10-1,TR-10,TR,48.94619,-122.35244,WA,US,1.179044273,T,T6,T6-3,0,1,20.67,25.8,3.28,6,0,0,0,0.21,0.23,0.06,88.23529412,6/5/2022,NA,156,27,NA,NA,50.1,44.9,57,58.9,55.2,51.2,52.7,46.5
231,SE-14-4,SE-14,SE,42.27916,-123.641852,OR,US,4.77412624,T,T6,T6-4,0,1,22.49,24.1,2.86,14,10,37,2,0.36,0.42,0.06,83.33333333,5/13/2022,6/14/2022,133,4,165,36,35.8,41.7,32.3,53.4,48.2,61.8,56.8,63.9
232,GER4-4-2,GER4-4,GER4,48.624617,8.640133,GER,EU,-2.434491549,T,T6,T6-5,0,1,21.36,21.9,4.18,3,5,0,2,0.89,1.01,0.22,84.81012658,6/2/2022,6/26/2022,153,24,177,48,39.4,44.3,46.7,53.9,50.7,55.5,55.4,55.6
233,FR2-3-1,FR2-3,FR2,45.493017,5.382683,FR,EU,-1.632805986,T,T6,T6-6,0,1,20.9,21.5,2.51,10,6,24,2,0.28,0.33,0.06,81.48148148,5/9/2022,6/13/2022,129,0,164,35,43.1,52.4,50.6,45.7,43.1,46.8,54.7,52.6
234,DR-2-2,DR-2,DR,43.655301,-123.333033,OR,US,4.200970886,T,T6,T6-7,0,1,20.76,31.9,3.12,5,1,0,1,0.32,0.35,0.05,90,6/6/2022,NA,157,28,NA,NA,40.7,40.5,45.8,45,42,47.5,48.9,52.6
235,BJ-1-5,BJ-1,BJ,48.789608,-122.463926,WA,US,1.005059733,T,T6,T6-8,0,0,19.49,NA,NA,NA,NA,NA,NA,0.61,0.61,0.11,100,NA,NA,NA,NA,NA,NA,39.6,40.9,44.8,39.3,33.1,43.1,34.7,39.5
236,IL-4-2,IL-4,IL,47.168389,-123.113595,WA,US,3.756822763,T,T6,T6-9,0,1,19.31,48.1,2.99,7,4,13,2,0.49,0.55,0.11,86.36363636,5/15/2022,6/14/2022,135,6,165,36,41.1,41.8,46.6,48.7,51.2,50.7,51.4,53.1
237,TR-7-1,TR-7,TR,48.94619,-122.35244,WA,US,1.179044273,T,T6,T6-10,0,1,21.01,69.7,3.61,12,3,2,2,0.8,0.81,0.19,98.38709677,5/26/2022,6/27/2022,146,17,178,49,39.9,43,39.4,41.5,40.6,44.9,44.6,44.7
238,WC-1-1,WC-1,WC,47.241995,-120.696261,WA,US,-0.008288374,T,T6,T6-11,0,1,21.79,21.9,1.75,10,0,0,0,0.27,0.29,0.06,91.30434783,6/3/2022,NA,154,25,NA,NA,42.6,47.2,46.3,48.3,42.5,42.2,35.1,45.9
239,SP4-4-3,SP4-4,SP4,43.025217,-5.825167,SP,EU,0.434514309,T,T6,T6-12,0,1,17.84,43.1,2.16,3,2,2,1,0.61,0.62,0.14,97.91666667,6/5/2022,6/28/2022,156,27,179,50,20.8,28.8,32,38.1,35.8,39.4,44.7,45.9
240,JC-14-2,JC-14,JC,48.16472222,-123.2997222,WA,US,1.486506186,T,T6,T6-13,0,1,22.07,43.5,3.07,13,4,5,2,0.21,0.23,0.04,89.47368421,5/19/2022,6/21/2022,139,10,172,43,47.3,61.1,53.2,54.7,50.6,54.5,59.2,62.9
241,SP4-8-5,SP4-8,SP4,43.025217,-5.825167,SP,EU,0.434514309,T,T6,T6-14,0,1,18.29,31.8,2.4,3,3,56,2,0.35,0.43,0.09,76.47058824,5/16/2022,6/18/2022,136,7,169,40,43.2,44.3,41.1,41.4,37.8,42.1,42.1,52.5
242,SE-13-2,SE-13,SE,42.27916,-123.641852,OR,US,4.77412624,T,T6,T6-15,0,1,20.06,27.9,3.02,10,0,0,0,0.54,0.56,0.14,95.23809524,6/6/2022,NA,157,28,NA,NA,38.8,50.2,50.3,44.1,45.8,45.7,46.1,51.6
243,JC-15-2,JC-15,JC,48.16472222,-123.2997222,WA,US,1.486506186,T,T7,T7-1,0,1,21.71,36.7,3.86,4,0,0,0,0.57,0.41,0.09,150,6/3/2022,NA,154,25,NA,NA,45.2,40.2,55.6,54.1,45.2,45.3,38.2,49.7
244,AP-2-4,AP-2,AP,45.80877,-121.27622,WA,US,2.000652915,T,T7,T7-2,0,1,21.13,32.9,2.13,15,2,1,2,0.6,0.64,0.12,92.30769231,5/22/2022,6/14/2022,142,13,165,36,48.6,48.7,58.2,62.5,62.3,59.5,59.1,55.7
245,TR-7-5,TR-7,TR,48.94619,-122.35244,WA,US,1.179044273,T,T7,T7-3,0,1,18.4,5.9,2.91,1,0,0,0,0.59,0.62,0.11,94.11764706,NA,NA,NA,NA,NA,NA,44.5,44.9,53.1,50.4,41.9,41.5,42.8,48.1
246,BJ-15-3,BJ-15,BJ,48.789608,-122.463926,WA,US,1.005059733,T,T7,T7-4,0,0,19.18,NA,NA,NA,NA,NA,NA,0.8,0.97,0.14,79.51807229,NA,NA,NA,NA,NA,NA,35.2,31.1,44.8,40.5,40.3,38.9,38.6,39.3
247,SP5-8-3,SP5-8,SP5,42.938767,-5.270633,SP,EU,-0.060749591,T,T7,T7-5,0,1,17.15,20.8,2.1,6,2,9,2,0.29,0.3,0.05,96,5/15/2022,6/8/2022,135,6,159,30,57.9,45.7,61.1,61.7,61.9,60.5,67.2,61.5
248,DR-2-4,DR-2,DR,43.655301,-123.333033,OR,US,4.200970886,T,T7,T7-6,0,1,21.22,35.2,2.42,2,3,0,2,0.59,0.67,0.14,84.90566038,5/30/2022,6/27/2022,150,21,178,49,26.9,34.6,38.2,38.8,38.5,33.3,40.5,42.6
249,HO-15-3,HO-15,HO,44.224196,-123.511671,OR,US,4.323314778,T,T7,T7-7,0,1,21.24,37.7,2.61,13,3,9,2,0.51,0.51,0.1,100,5/18/2022,6/21/2022,138,9,172,43,47.3,48,49.3,62.3,58.1,62.8,57,63.3
250,BJ-12-3,BJ-12,BJ,48.789608,-122.463926,WA,US,1.005059733,T,T7,T7-8,0,1,22.92,33.6,4.96,7,0,0,0,0.84,0.84,0.14,100,6/14/2022,NA,165,36,NA,NA,48,50.7,55.9,56.1,55.3,50.6,51.7,53.9
251,NOR5-6-1,NOR5-6,NOR5,59.435433,10.494067,NOR,EU,-3.336593887,T,T7,T7-9,0,0,20.25,NA,NA,NA,NA,NA,NA,0.64,0.7,0.15,89.09090909,NA,NA,NA,NA,NA,NA,39.9,46.4,43.2,49.8,46.2,52.8,48.8,42.5
252,IL-1-4,IL-1,IL,47.168389,-123.113595,WA,US,3.756822763,T,T7,T7-10,0,1,21.84,49.8,3.01,16,3,32,2,0.19,0.24,0.05,73.68421053,5/15/2022,6/14/2022,135,6,165,36,50.3,51.4,53.2,43.8,45.5,47.7,58.3,59.5
253,NOR2-5-2,NOR2-5,NOR2,59.206117,10.37815,NOR,EU,-3.234658892,T,T7,T7-11,0,0,21.41,NA,NA,NA,NA,NA,NA,0.94,0.95,0.17,98.71794872,NA,NA,NA,NA,NA,NA,43.6,48.3,51.7,43.3,44.9,41.9,40.8,49.2
254,DR-11-5,DR-11,DR,43.655301,-123.333033,OR,US,4.200970886,T,T7,T7-12,0,1,20.29,37.9,3.52,10,3,8,1,0.9,0.94,0.17,94.80519481,5/17/2022,6/25/2022,137,8,176,47,44.7,39.3,44.5,40.2,40.9,47.5,43.1,56.6
255,SP2-12-6,SP2-12,SP2,43.536733,-6.520533,SP,EU,2.178756034,T,T7,T7-13,0,1,20.12,41.9,2.64,5,2,43,2,0.19,0.23,0.06,76.47058824,5/17/2022,6/20/2022,137,8,171,42,35.7,26.6,43.9,41.3,44.1,39.6,41,34.9
256,HL-4-5,HL-4,HL,45.909633,-122.616945,WA,US,3.617706732,T,T7,T7-14,0,1,20.09,38.2,2.2,12,3,0,2,0.58,0.64,0.12,88.46153846,5/18/2022,6/20/2022,138,9,171,42,42.1,50.4,48.8,48.2,45.3,46.9,50.5,59.9
257,FR2-7-3,FR2-7,FR2,45.493017,5.382683,FR,EU,-1.632805986,T,T7,T7-15,1,1,19.22,40.7,3.07,11,2,69,2,0.65,0.72,0.17,87.27272727,5/19/2022,6/19/2022,139,10,170,41,38.2,43.7,40.6,38.4,38.2,34.6,37.7,43.9
258,BJ-1-2,BJ-1,BJ,48.789608,-122.463926,WA,US,1.005059733,T,T8,T8-1,0,1,22.13,36.9,3.15,10,8,8,2,0.77,0.79,0.13,96.96969697,5/23/2022,6/20/2022,143,14,171,42,37.2,40.6,44.4,45.6,44.6,45.7,44.6,46.7
259,FR3-17-1,FR3-17,FR3,45.406583,5.42325,FR,EU,-1.632805986,T,T8,T8-2,0,1,23.68,50.3,3.07,8,9,5,2,0.36,0.32,0.07,116,5/21/2022,6/22/2022,141,12,173,44,44.3,43.2,46,38.7,42.5,47.3,44.9,46.4
260,IL-4-5,IL-4,IL,47.168389,-123.113595,WA,US,3.756822763,T,T8,T8-3,0,1,21.32,52.5,3.21,9,2,6,2,0.43,0.45,0.09,94.44444444,5/21/2022,6/29/2022,141,12,180,51,43.6,44.1,43.9,44.6,38.9,43.4,43.1,46.7
261,SE-13-1,SE-13,SE,42.27916,-123.641852,OR,US,4.77412624,T,T8,T8-4,0,1,23.59,40.3,3.64,41,2,0,2,0.4,0.4,0.07,100,5/21/2022,NA,141,12,NA,NA,33.3,37.3,35.7,44,46.1,50.4,57,47.8
262,NOR5-3-1,NOR5-3,NOR5,59.435433,10.494067,NOR,EU,-3.336593887,T,T8,T8-5,0,0,19.4,NA,NA,NA,NA,NA,NA,0.78,0.81,0.15,95.45454545,NA,NA,NA,NA,NA,NA,49.4,50.8,52.7,50.9,48.7,55.5,49.9,59.6
263,TR-7-2,TR-7,TR,48.94619,-122.35244,WA,US,1.179044273,T,T8,T8-6,0,1,22.12,46.8,5.59,17,5,22,2,0.55,0.67,0.12,78.18181818,5/23/2022,6/29/2022,143,14,180,51,48.6,48.4,55.1,54.4,55.1,51.9,59.5,58.9
264,FR3-13-3,FR3-13,FR3,45.406583,5.42325,FR,EU,-1.632805986,T,T8,T8-7,1,1,23.29,43.2,3.6,14,6,7,2,0.51,0.55,0.11,90.90909091,5/21/2022,6/22/2022,141,12,173,44,49,48.9,53.1,61.9,59.3,59.6,61.7,57.3
265,SE-14-6,SE-14,SE,42.27916,-123.641852,OR,US,4.77412624,T,T8,T8-8,0,1,21.45,36.4,2.35,14,5,0,2,0.28,0.35,0.07,75,5/21/2022,6/24/2022,141,12,175,46,40.7,45.8,35.9,33.5,36.3,49.5,51.3,53
266,DR-11-2,DR-11,DR,43.655301,-123.333033,OR,US,4.200970886,T,T8,T8-9,0,1,23.11,55.4,3.46,17,7,12,2,0.22,0.22,0.04,100,5/21/2022,6/29/2022,141,12,180,51,49,50.6,43.5,47.6,40,47.2,43.9,36.9
267,JC-17-4,JC-17,JC,48.16472222,-123.2997222,WA,US,1.486506186,T,T8,T8-10,0,1,21.21,34.1,3.2,8,9,41,2,0.19,0.2,0.05,93.33333333,5/19/2022,6/14/2022,139,10,165,36,43,45.3,36.4,42.7,47.8,47.6,54.6,42.5
268,JC-1-6,JC-1,JC,48.16472222,-123.2997222,WA,US,1.486506186,T,T8,T8-11,0,1,21.49,52.5,2.92,16,4,15,2,0.16,0.25,0.06,52.63157895,5/21/2022,6/26/2022,141,12,177,48,41.1,53.3,48.5,50.4,42.5,36.7,46,54.7
269,DR-1-6,DR-1,DR,43.655301,-123.333033,OR,US,4.200970886,T,T8,T8-12,0,1,20.66,53.1,3.03,8,2,29,2,0.46,0.46,0.11,100,5/24/2022,6/29/2022,144,15,180,51,32.8,30.7,35.8,32,32.5,36.8,38.8,45.1
270,FR2-9-1,FR2-9,FR2,45.493017,5.382683,FR,EU,-1.632805986,T,T8,T8-13,0,0,20.29,NA,NA,NA,NA,NA,NA,0.34,0.35,0.08,96.2962963,NA,NA,NA,NA,NA,NA,42,36.1,44.4,43.2,49.1,47.1,48.5,59.6
271,IL-5-2,IL-5,IL,47.168389,-123.113595,WA,US,3.756822763,T,T8,T8-14,0,1,20.54,25.8,3.35,8,12,17,2,0.79,0.79,0.17,100,5/9/2022,6/4/2022,129,0,155,26,43.2,44,49,45.9,47.9,50.5,54.7,64
272,SP5-8-4,SP5-8,SP5,42.938767,-5.270633,SP,EU,-0.060749591,T,T8,T8-15,0,1,16.49,31.5,2.5,3,6,29,2,0.35,0.36,0.06,96.66666667,5/17/2022,6/13/2022,137,8,164,35,56,64,64.9,55.6,62.5,60.2,59.3,55.1
273,AP-14-5,AP-14,AP,45.80877,-121.27622,WA,US,2.000652915,T,T9,T9-1,0,1,20.51,39,2.93,8,6,22,2,0.51,0.52,0.1,97.61904762,5/18/2022,6/20/2022,138,9,171,42,45,47.8,57.3,59.7,52.9,47.9,52.9,62.2
274,HL-13-6,HL-13,HL,45.909633,-122.616945,WA,US,3.617706732,T,T9,T9-2,0,1,19.81,39.2,3.83,4,10,21,2,0.77,0.81,0.14,94.02985075,5/18/2022,6/13/2022,138,9,164,35,42.9,41.7,55.7,55.5,52.1,53,61.4,62.7
275,HO-11-2,HO-11,HO,44.224196,-123.511671,OR,US,4.323314778,T,T9,T9-3,0,1,20.33,39.6,3.06,6,10,60,2,0.33,0.37,0.05,87.5,5/11/2022,6/10/2022,131,2,161,32,41.9,40.8,42,49,52.2,50.2,52.8,57.3
276,AP-2-6,AP-2,AP,45.80877,-121.27622,WA,US,2.000652915,T,T9,T9-4,0,1,20.4,31.9,2.27,11,6,27,2,0.4,0.41,0.07,97.05882353,5/18/2022,6/15/2022,138,9,166,37,46.8,47.8,51.2,51.1,46,56.7,62.6,53.2
277,HL-3-4,HL-3,HL,45.909633,-122.616945,WA,US,3.617706732,T,T9,T9-5,0,1,20.46,32.6,2.5,7,9,30,2,0.52,0.59,0.09,86,5/9/2022,6/6/2022,129,0,157,28,46.1,44.7,39,60.3,53,57.5,60.3,59
278,NOR2-3-1,NOR2-3,NOR2,59.206117,10.37815,NOR,EU,-3.234658892,T,T9,T9-6,0,0,19.85,NA,NA,NA,NA,NA,NA,1.23,1.35,0.22,89.38053097,NA,NA,NA,NA,NA,NA,31.9,35.8,50,44.3,52.6,41,43.8,42.1
279,SP2-12-4,SP2-12,SP2,43.536733,-6.520533,SP,EU,2.178756034,T,T9,T9-7,0,1,21.06,34.8,4.29,9,5,61,2,0.95,1.05,0.24,87.65432099,5/18/2022,6/19/2022,138,9,170,41,44.2,41.5,51.4,56.9,54.7,58.9,57.5,59.6
280,SE-11-5,SE-11,SE,42.27916,-123.641852,OR,US,4.77412624,T,T9,T9-8,0,1,20.18,31.3,3.14,9,2,0,1,0.31,0.34,0.05,89.65517241,5/20/2022,6/25/2022,140,11,176,47,42.3,50.3,42.2,62.7,44.9,63.1,57.6,66.3
281,FR3-17-3,FR3-17,FR3,45.406583,5.42325,FR,EU,-1.632805986,T,T9,T9-9,1,1,21.89,52.5,3.79,9,3,0,2,0.48,0.52,0.07,91.11111111,5/25/2022,6/20/2022,145,16,171,42,45.9,42.6,41.8,42.3,40.1,49.6,54.5,53.2
282,NOR5-5-1,NOR5-5,NOR5,59.435433,10.494067,NOR,EU,-3.336593887,T,T9,T9-10,0,0,19.42,NA,NA,NA,NA,NA,NA,1.09,1.09,0.22,100,NA,NA,NA,NA,NA,NA,48.1,49.3,53.2,55.4,49.7,47.7,50.6,53.5
283,NOR5-8-4,NOR5-8,NOR5,59.435433,10.494067,NOR,EU,-3.336593887,T,T9,T9-11,0,0,17.3,NA,NA,NA,NA,NA,NA,0.72,0.81,0.15,86.36363636,NA,NA,NA,NA,NA,NA,42.7,49.6,67.1,63.5,64.2,58.5,55.5,57.3
284,SE-13-5,SE-13,SE,42.27916,-123.641852,OR,US,4.77412624,T,T9,T9-12,0,1,21.53,39.7,3,11,2,4,1,0.49,0.51,0.08,95.34883721,5/18/2022,6/29/2022,138,9,180,51,43.4,29.3,56.7,49.9,45.4,49.5,43.7,54.5
285,TR-12-3,TR-12,TR,48.94619,-122.35244,WA,US,1.179044273,T,T9,T9-13,0,0,18.85,NA,NA,NA,NA,NA,NA,0.78,0.82,0.14,94.11764706,NA,NA,NA,NA,NA,NA,42.2,47.2,52.1,50.9,51.5,46.5,40.5,47
286,TR-10-2,TR-10,TR,48.94619,-122.35244,WA,US,1.179044273,T,T9,T9-14,0,1,20.39,52.6,3.3,12,0,0,0,0.45,0.48,0.09,92.30769231,5/23/2022,NA,143,14,NA,NA,49.8,60.6,56.3,46.5,55.2,46.4,47.1,61.3
287,FR2-1-1,FR2-1,FR2,45.493017,5.382683,FR,EU,-1.632805986,T,T9,T9-15,0,0,19.68,NA,NA,NA,NA,NA,NA,0.79,0.85,0.18,91.04477612,NA,NA,NA,NA,NA,NA,54.4,64,60.4,56.2,54.7,56.7,48.6,52.4
288,SE-15-5,SE-15,SE,42.27916,-123.641852,OR,US,4.77412624,T,T10,T10-1,0,1,22.18,37,2.99,12,8,28,2,0.72,0.79,0.15,89.0625,5/13/2022,6/19/2022,133,4,170,41,40.1,36.6,45,49.4,45,43.4,37.7,45.5
289,LUX1-3-1,LUX1-3,LUX1,49.61855,6.1393,LUX,EU,-1.721640374,T,T10,T10-2,0,0,20.67,NA,NA,NA,NA,NA,NA,0.41,0.47,0.09,84.21052632,NA,NA,NA,NA,NA,NA,38.5,34,46.8,50.7,42.7,49.1,47.6,49.9
290,SP4-8-3,SP4-8,SP4,43.025217,-5.825167,SP,EU,0.434514309,T,T10,T10-3,0,1,20.41,31.2,3.33,0,6,6,2,0.38,0.4,0.08,93.75,5/9/2022,6/6/2022,129,0,157,28,44.7,45.5,56,53.1,53.3,51.5,55.1,52.7
291,BJ-1-6,BJ-1,BJ,48.789608,-122.463926,WA,US,1.005059733,T,T10,T10-4,0,1,19.94,44.3,3.19,6,13,7,2,0.68,0.72,0.14,93.10344828,5/16/2022,6/15/2022,136,7,166,37,32.7,34.1,39.7,44,42.8,41.7,46.4,38.9
292,DR-4-6,DR-4,DR,43.655301,-123.333033,OR,US,4.200970886,T,T10,T10-5,0,1,20.67,42.6,2.91,12,3,0,0,0.45,0.48,0.12,91.66666667,5/28/2022,6/29/2022,148,19,180,51,39.4,40.5,42.3,48.3,35.7,43,47,45.8
293,JC-17-2,JC-17,JC,48.16472222,-123.2997222,WA,US,1.486506186,T,T10,T10-6,0,1,22.52,42.2,3.97,9,8,64,2,0.73,0.78,0.16,91.93548387,5/15/2022,6/13/2022,135,6,164,35,41.9,44,54.4,60.5,62.2,55.8,66.4,48.7
294,FR3-8-5,FR3-8,FR3,45.406583,5.42325,FR,EU,-1.632805986,T,T10,T10-7,1,1,21.39,38,3.24,10,4,0,2,0.45,0.47,0.11,94.44444444,5/17/2022,6/24/2022,137,8,175,46,33.7,39.4,46,53.5,45.8,44.4,46.7,47.7
295,IL-4-1,IL-4,IL,47.168389,-123.113595,WA,US,3.756822763,T,T10,T10-8,0,1,21.03,40.4,3.02,17,6,24,2,0.27,0.31,0.07,83.33333333,5/15/2022,6/18/2022,135,6,169,40,51.9,54.4,56.9,57.3,58,57.6,71.3,57
296,JC-14-5,JC-14,JC,48.16472222,-123.2997222,WA,US,1.486506186,T,T10,T10-9,0,1,22.71,35.4,3.77,27,2,3,1,0.49,0.53,0.1,90.69767442,5/18/2022,6/26/2022,138,9,177,48,45.9,46.8,55.5,55.7,48.6,57.6,46.3,43.2
297,SP4-1-3,SP4-1,SP4,43.025217,-5.825167,SP,EU,0.434514309,T,T10,T10-10,0,1,19.11,30.5,3.87,3,5,24,2,0.93,1,0.2,91.25,5/9/2022,6/4/2022,129,0,155,26,46.2,49.1,55.5,52.1,59.2,54.4,56.2,54.1
298,SP4-1-4,SP4-1,SP4,43.025217,-5.825167,SP,EU,0.434514309,T,T10,T10-11,0,1,20.08,22.8,2.96,4,12,20,2,0.65,0.69,0.14,92.72727273,5/18/2022,6/7/2022,138,9,158,29,40.9,45.6,49.1,45.4,44.4,50.1,49.3,60.1
299,AP-2-5,AP-2,AP,45.80877,-121.27622,WA,US,2.000652915,T,T10,T10-12,0,1,21.06,31.1,3.05,19,11,1,2,0.6,0.66,0.13,88.67924528,5/17/2022,6/16/2022,137,8,167,38,43.1,47.3,50.8,44.9,37.2,47,44.3,55.3
300,FR2-7-1,FR2-7,FR2,45.493017,5.382683,FR,EU,-1.632805986,T,T10,T10-13,1,1,22.21,36,3.84,13,8,0,2,0.34,0.38,0.08,86.66666667,5/9/2022,6/13/2022,129,0,164,35,41.1,47.3,48.9,43.6,37.5,50.1,40.4,49.7
301,TR-11-1,TR-11,TR,48.94619,-122.35244,WA,US,1.179044273,T,T10,T10-14,0,1,20.59,17.5,3.09,1,0,0,0,0.39,0.42,0.07,91.42857143,NA,NA,NA,NA,NA,NA,40,51.5,51.6,45.4,43,46.4,45.9,51.2
302,DR-2-5,DR-2,DR,43.655301,-123.333033,OR,US,4.200970886,T,T10,T10-15,0,0,20.06,NA,NA,NA,NA,NA,NA,0.63,0.73,0.13,83.33333333,NA,NA,NA,NA,NA,NA,35.4,44.6,45,38.1,41.8,36.9,40.4,44
303,LUX1-3-3,LUX1-3,LUX1,49.61855,6.1393,LUX,EU,-1.721640374,T,T11,T11-1,0,0,21.49,NA,NA,NA,NA,NA,NA,0.24,0.32,0.06,69.23076923,NA,NA,NA,NA,NA,NA,38.8,41.2,54.6,51.7,59.6,54.5,51.3,49
304,SP4-1-5,SP4-1,SP4,43.025217,-5.825167,SP,EU,0.434514309,T,T11,T11-2,0,1,21.45,26.1,3.4,5,7,0,0,0.59,0.64,0.11,90.56603774,5/13/2022,6/7/2022,133,4,158,29,41.4,39.1,49.5,49.5,47.7,44.2,43.9,47.1
305,SE-15-6,SE-15,SE,42.27916,-123.641852,OR,US,4.77412624,T,T11,T11-3,0,1,22.46,42.7,3.51,12,1,8,2,0.55,0.63,0.11,84.61538462,5/24/2022,6/24/2022,144,15,175,46,38.7,37.8,43.1,43.8,38.3,37.5,39,47.2
306,WC-9-1,WC-9,WC,47.241995,-120.696261,WA,US,-0.008288374,T,T11,T11-4,0,1,23.08,26.5,2.76,27,2,0,2,0.68,0.7,0.15,96.36363636,5/13/2022,6/28/2022,133,4,179,50,44.3,43.7,49.2,46.9,42.2,50.1,58.7,46.2
307,BJ-1-7,BJ-1,BJ,48.789608,-122.463926,WA,US,1.005059733,T,T11,T11-5,0,1,17.83,18.6,3.31,1,0,0,0,0.7,0.83,0.11,81.94444444,NA,NA,NA,NA,NA,NA,22,NA,44.8,46.6,38,39.7,45.1,45.3
308,NOR2-5-1,NOR2-5,NOR2,59.206117,10.37815,NOR,EU,-3.234658892,T,T11,T11-5,0,0,NA,NA,NA,NA,NA,NA,NA,NA,NA,NA,NA,NA,NA,NA,NA,NA,NA,NA,NA,NA,NA,52,52.4,NA,NA
309,HL-3-6,HL-3,HL,45.909633,-122.616945,WA,US,3.617706732,T,T11,T11-6,0,1,20.8,44.5,3.6,6,2,7,2,0.65,0.77,0.13,81.25,5/17/2022,6/21/2022,137,8,172,43,40.1,38.7,53.2,55.4,45.3,51,58,54.4
310,DR-4-1,DR-4,DR,43.655301,-123.333033,OR,US,4.200970886,T,T11,T11-7,0,1,22.47,41.7,4.01,8,4,2,2,0.32,0.33,0.05,96.42857143,5/9/2022,6/22/2022,129,0,173,44,44.5,48.7,42.4,43.9,60.1,55.9,49.7,41.5
311,NOR5-5-2,NOR5-5,NOR5,59.435433,10.494067,NOR,EU,-3.336593887,T,T11,T11-8,0,0,20.81,NA,NA,NA,NA,NA,NA,0.76,0.83,0.13,90,NA,NA,NA,NA,NA,NA,49.2,49.1,53.7,50.2,45.5,NA,48.7,55.2
312,FR3-8-1,FR3-8,FR3,45.406583,5.42325,FR,EU,-1.632805986,T,T11,T11-9,0,0,20.68,NA,NA,NA,NA,NA,NA,0.93,1.01,0.17,90.47619048,NA,NA,NA,NA,NA,NA,34.4,38.4,48.2,47.6,46.6,49.6,43.5,42.8
313,SP2-2-1,SP2-2,SP2,43.536733,-6.520533,SP,EU,2.178756034,T,T11,T11-10,0,1,21.03,37.7,4.76,6,11,22,2,0.56,0.67,0.12,80,5/19/2022,6/18/2022,139,10,169,40,35.9,37.3,42.6,44.4,40.2,47.1,52,53.2
314,GER4-2-5,GER4-2,GER4,48.624617,8.640133,GER,EU,-2.434491549,T,T11,T11-11,0,0,21.33,NA,NA,NA,NA,NA,NA,0.49,0.54,0.09,88.88888889,NA,NA,NA,NA,NA,NA,36.8,42.5,44.4,42.9,43.1,36.8,44.4,52.9
315,HO-11-8,HO-11,HO,44.224196,-123.511671,OR,US,4.323314778,T,T11,T11-12,0,1,20.11,35.4,3.89,8,0,0,0,0.68,0.66,0.12,103.7037037,6/9/2022,NA,160,31,NA,NA,30.9,41.5,44.1,44.7,42.7,49.8,43.8,63.5
316,NOR5-8-2,NOR5-8,NOR5,59.435433,10.494067,NOR,EU,-3.336593887,T,T11,T11-13,0,0,22.51,NA,NA,NA,NA,NA,NA,0.61,0.66,0.12,90.74074074,NA,NA,NA,NA,NA,NA,37.4,47.8,44.4,45.1,39.8,48,41.4,51.2
317,NOR1-10-3,NOR1-10,NOR1,61.184167,7.233467,NOR,EU,-3.224529786,T,T11,T11-14,0,0,19.34,NA,NA,NA,NA,NA,NA,0.8,0.81,0.13,98.52941176,NA,NA,NA,NA,NA,NA,27.7,38,45.3,47.1,43,44.7,48,44.2
318,HO-2-1,HO-2,HO,44.224196,-123.511671,OR,US,4.323314778,T,T11,T11-15,0,1,21.91,32.2,2.58,6,3,25,2,0.78,0.89,0.14,85.33333333,5/17/2022,6/21/2022,137,8,172,43,47,38.7,46.6,39.2,NA,56.7,46.5,64.6
319,SE-15-4,SE-15,SE,42.27916,-123.641852,OR,US,4.77412624,T,T12,T12-1,0,1,22.02,28.9,3.99,8,12,25,2,0.26,0.29,0.07,86.36363636,5/8/2022,6/4/2022,128,-1,155,26,48.7,47.7,53.2,42.7,32.8,34.8,43,47.2
320,IL-2-2,IL-2,IL,47.168389,-123.113595,WA,US,3.756822763,T,T12,T12-2,0,1,22.65,47.5,3.03,5,4,17,2,0.29,0.31,0.07,91.66666667,5/10/2022,6/19/2022,130,1,170,41,49.1,48.6,53.2,45.4,41.9,48.5,47.5,54.7
321,SP4-8-4,SP4-8,SP4,43.025217,-5.825167,SP,EU,0.434514309,T,T12,T12-3,0,1,19.93,24.7,3.4,2,11,9,2,1.1,1.17,0.24,92.47311828,5/9/2022,5/31/2022,129,0,151,22,44.7,41.7,49.1,50.6,47.4,48.9,45.9,43.3
322,NOR5-5-5,NOR5-5,NOR5,59.435433,10.494067,NOR,EU,-3.336593887,T,T12,T12-4,0,0,18.43,NA,NA,NA,NA,NA,NA,0.93,0.95,0.21,97.2972973,NA,NA,NA,NA,NA,NA,32,35.2,46.1,47.7,45.2,46.5,45.8,50.7
323,FR3-8-2,FR3-8,FR3,45.406583,5.42325,FR,EU,-1.632805986,T,T12,T12-5,1,1,21.1,63.4,3.18,4,5,21,2,0.25,0.27,0.07,90,5/15/2022,6/18/2022,135,6,169,40,43.4,43.1,46.7,48.1,41.8,52.1,46.4,48.7
324,GER4-2-1,GER4-2,GER4,48.624617,8.640133,GER,EU,-2.434491549,T,T12,T12-6,0,0,21.43,NA,NA,NA,NA,NA,NA,1.06,1.11,0.28,93.97590361,NA,NA,NA,NA,NA,NA,49.6,48.5,43.1,44.6,46.4,46.8,43.3,47.6
325,JC-15-1,JC-15,JC,48.16472222,-123.2997222,WA,US,1.486506186,T,T12,T12-7,0,1,22.62,49.9,4.22,11,2,0,1,0.26,0.27,0.07,95,5/31/2022,NA,151,22,NA,NA,49.3,45.6,55.7,50.7,50.9,40.7,43.9,48.2
326,FR3-17-4,FR3-17,FR3,45.406583,5.42325,FR,EU,-1.632805986,T,T12,T12-8,0,1,21.39,51.8,4.19,15,6,23,2,0.33,0.34,0.06,96.42857143,5/13/2022,6/20/2022,133,4,171,42,37.5,41.8,46.3,46.7,41.3,48.4,50.8,54.2
327,WC-1-3,WC-1,WC,47.241995,-120.696261,WA,US,-0.008288374,T,T12,T12-9,0,1,21.52,34.6,3.11,4,13,49,2,0.23,0.23,0.04,100,5/13/2022,6/15/2022,133,4,166,37,48.1,48.2,52,42.1,52.2,38.7,54.5,55.3
328,IL-5-5,IL-5,IL,47.168389,-123.113595,WA,US,3.756822763,T,T12,T12-10,0,1,18.94,35.8,2.77,7,5,67,2,0.54,0.64,0.13,80.39215686,5/10/2022,6/14/2022,130,1,165,36,45.6,46,38.6,32.7,37.4,44.4,52.2,51.3
329,SP2-2-3,SP2-2,SP2,43.536733,-6.520533,SP,EU,2.178756034,T,T12,T12-11,0,1,19.1,35,3.45,6,5,52,2,0.2,0.22,0.05,88.23529412,5/15/2022,6/20/2022,135,6,171,42,34.1,38.7,35.5,39,39.8,34.2,41.6,45.1
