Obs#,Date,Treatment Type,Block,BlockNum,Plant Number,blockID,gsw,Fs,PhiPS2,Tref,Tleaf
46,7/1/2022,C,1,C1,1,C1-1,0.614728,92.962502,0.772749,25.53,23.21
47,7/1/2022,C,1,C1,1,C1-1,0.660052,91.993332,0.77474,25.53,24.18
48,7/1/2022,C,1,C1,1,C1-1,0.785215,127.284767,0.693727,25.52,23.46
49,7/1/2022,C,1,C1,2,C1-2,0.698774,87.687134,0.785113,25.42,22.98
50,7/1/2022,C,1,C1,2,C1-2,0.726134,89.901566,0.768669,25.4,23.33
51,7/1/2022,C,1,C1,2,C1-2,1.236051,136.880997,0.673975,25.38,22.87
52,7/1/2022,C,1,C1,3,C1-3,0.110682,94.420555,0.761462,25.35,23.92
53,7/1/2022,C,1,C1,3,C1-3,0.092648,98.376274,0.755887,25.34,24.09
54,7/1/2022,C,1,C1,3,C1-3,0.696904,145.395401,0.652613,25.33,23.45
55,7/1/2022,C,1,C1,4,C1-4,0.283823,91.194031,0.782266,25.33,23.23
56,7/1/2022,C,1,C1,4,C1-4,0.282539,92.306259,0.776323,25.32,22.91
57,7/1/2022,C,1,C1,4,C1-4,0.474039,84.483147,0.790065,25.31,23.06
58,7/1/2022,C,1,C1,5,C1-5,0.530852,88.405609,0.774108,25.31,23.05
59,7/1/2022,C,1,C1,5,C1-5,0.387865,93.853355,0.769894,25.3,23.39
60,7/1/2022,C,1,C1,5,C1-5,0.349202,91.737625,0.771307,25.3,23.34
61,7/1/2022,C,1,C1,6,C1-6,0.099225,212.301849,0.479365,25.28,23.72
62,7/1/2022,C,1,C1,6,C1-6,0.097328,190.626022,0.587215,25.3,24.59
63,7/1/2022,C,1,C1,6,C1-6,0.096328,253.349304,0.467871,25.31,24.79
64,7/1/2022,C,1,C1,7,C1-7,0.387392,111.613869,0.741176,25.31,23.13
65,7/1/2022,C,1,C1,7,C1-7,0.301672,108.154533,0.754169,25.3,23.3
66,7/1/2022,C,1,C1,7,C1-7,0.476911,98.107697,0.768465,25.29,23.47
67,7/1/2022,C,1,C1,8,C1-8,0.315748,87.157127,0.782035,25.28,22.94
68,7/1/2022,C,1,C1,8,C1-8,0.371372,92.662453,0.770271,25.27,22.91
69,7/1/2022,C,1,C1,8,C1-8,0.349608,91.717957,0.767997,25.26,22.95
70,7/1/2022,C,1,C1,9,C1-9,0.422401,110.496994,0.7394,25.24,22.73
71,7/1/2022,C,1,C1,9,C1-9,0.319132,125.145081,0.705693,25.24,23.3
72,7/1/2022,C,1,C1,9,C1-9,0.574938,98.488571,0.756647,25.23,22.76
73,7/1/2022,C,1,C1,10,C1-10,0.526427,93.03331,0.753282,25.24,22.73
74,7/1/2022,C,1,C1,10,C1-10,0.574767,89.081886,0.769336,25.23,23.09
75,7/1/2022,C,1,C1,10,C1-10,0.620589,98.199249,0.747752,25.23,22.78
76,7/1/2022,C,1,C1,11,C1-11,0.36292,149.645447,0.631714,25.26,23.38
77,7/1/2022,C,1,C1,11,C1-11,0.618238,106.086014,0.730274,25.26,22.96
78,7/1/2022,C,1,C1,11,C1-11,0.423616,117.324112,0.711841,25.26,23.37
79,7/1/2022,C,1,C1,12,C1-12,0.968018,95.263481,0.773165,25.3,23.08
80,7/1/2022,C,1,C1,12,C1-12,0.803221,95.908646,0.762783,25.3,23.07
81,7/1/2022,C,1,C1,12,C1-12,0.805032,100.871803,0.763623,25.3,23.01
82,7/1/2022,C,1,C1,13,C1-13,0.027085,126.676437,0.619806,25.34,24.27
83,7/1/2022,C,1,C1,13,C1-13,0.032962,119.111542,0.631068,25.37,24.35
84,7/1/2022,C,1,C1,13,C1-13,0.002336,133.2314,0.456451,25.39,24.87
85,7/1/2022,C,1,C1,14,C1-14,0.206885,96.407173,0.760229,25.43,24.04
86,7/1/2022,C,1,C1,14,C1-14,0.20657,93.82975,0.766406,25.44,24.22
87,7/1/2022,C,1,C1,14,C1-14,0.225625,92.255829,0.761058,25.45,24.26
88,7/1/2022,C,1,C1,15,C1-15,0.023146,135.935074,0.65941,25.48,24.74
89,7/1/2022,C,1,C1,15,C1-15,0.017855,114.44664,0.68794,25.49,24.65
90,7/1/2022,C,1,C1,15,C1-15,0.025808,106.624245,0.729122,25.5,24.85
134,7/5/2022,C,2,C2,1,C2-1,0.101874,83.758232,0.738754,27.75,28.33
135,7/5/2022,C,2,C2,1,C2-1,0.099776,94.322922,0.699523,27.76,28.13
136,7/5/2022,C,2,C2,1,C2-1,0.096186,94.853996,0.686769,27.76,27.88
137,7/5/2022,C,2,C2,2,C2-2,0.077939,224.874619,0.424367,27.79,26.35
138,7/5/2022,C,2,C2,2,C2-2,0.409347,107.958916,0.733703,27.79,25.97
139,7/5/2022,C,2,C2,2,C2-2,0.198857,248.204117,0.41481,27.79,26.72
140,7/5/2022,C,2,C2,3,C2-3,0.073229,92.261551,0.739222,27.81,25.89
141,7/5/2022,C,2,C2,3,C2-3,0.042512,91.585632,0.747638,27.81,26.66
142,7/5/2022,C,2,C2,3,C2-3,0.11028,90.001701,0.74299,27.81,26.64
143,7/5/2022,C,2,C2,4,C2-4,0.400302,209.069962,0.447637,27.85,25.17
144,7/5/2022,C,2,C2,4,C2-4,0.61858,162.349106,0.492148,27.85,24.89
145,7/5/2022,C,2,C2,4,C2-4,0.514603,108.570099,0.661935,27.85,25.13
146,7/5/2022,C,2,C2,5,C2-5,0.10444,92.735764,0.753749,27.87,26.42
147,7/5/2022,C,2,C2,5,C2-5,0.0494,133.354065,0.662059,27.87,27.63
148,7/5/2022,C,2,C2,5,C2-5,0.102119,102.061989,0.739942,27.87,26.49
149,7/5/2022,C,2,C2,6,C2-6,0.051421,70.724129,0.707646,27.89,27.05
150,7/5/2022,C,2,C2,6,C2-6,0.038133,78.636292,0.722311,27.89,27.17
151,7/5/2022,C,2,C2,6,C2-6,0.05273,73.972824,0.719351,27.89,27.33
152,7/5/2022,C,2,C2,7,C2-7,0.159306,103.430984,0.742008,27.9,25.54
153,7/5/2022,C,2,C2,7,C2-7,0.102164,101.56488,0.74613,27.9,26.15
154,7/5/2022,C,2,C2,7,C2-7,0.149215,108.141304,0.727684,27.9,26.32
155,7/5/2022,C,2,C2,8,C2-8,0.039613,161.336655,0.51853,27.95,26.45
156,7/5/2022,C,2,C2,8,C2-8,0.041022,160.82489,0.592659,27.95,27.05
157,7/5/2022,C,2,C2,8,C2-8,0.029584,146.620987,0.420048,27.95,27.35
158,7/5/2022,C,2,C2,9,C2-9,0.278991,80.728409,0.778347,27.97,25.23
159,7/5/2022,C,2,C2,9,C2-9,0.267661,86.013435,0.767702,27.96,26.05
160,7/5/2022,C,2,C2,9,C2-9,0.287068,83.337662,0.769127,27.96,25.59
161,7/5/2022,C,2,C2,10,C2-10,0.773449,104.851845,0.73891,27.94,24.99
162,7/5/2022,C,2,C2,10,C2-10,1.134967,115.298149,0.710316,27.94,24.44
163,7/5/2022,C,2,C2,10,C2-10,0.926899,105.51059,0.744161,27.93,24.45
164,7/5/2022,C,2,C2,11,C2-11,0.387422,94.639778,0.738519,27.91,24.73
165,7/5/2022,C,2,C2,11,C2-11,0.998353,95.367195,0.754426,27.9,24.35
166,7/5/2022,C,2,C2,11,C2-11,0.386632,113.390923,0.722741,27.89,25.78
167,7/5/2022,C,2,C2,12,C2-12,0.259906,93.280792,0.752239,27.88,25.41
168,7/5/2022,C,2,C2,12,C2-12,0.334743,100.700142,0.748266,27.87,25.96
169,7/5/2022,C,2,C2,12,C2-12,0.281273,88.727478,0.760148,27.87,25.98
170,7/5/2022,C,2,C2,13,C2-13,0.345207,116.966843,0.704751,27.87,25.34
171,7/5/2022,C,2,C2,13,C2-13,0.459037,89.712379,0.767038,27.86,25.25
172,7/5/2022,C,2,C2,13,C2-13,0.384703,94.539642,0.755559,27.86,25.62
173,7/5/2022,C,2,C2,14,C2-14,0.166361,87.779762,0.767883,27.86,25.72
174,7/5/2022,C,2,C2,14,C2-14,0.154905,87.95285,0.76539,27.88,25.85
175,7/5/2022,C,2,C2,14,C2-14,0.107182,85.14476,0.77075,27.89,26.28
176,7/5/2022,C,2,C2,15,C2-15,0.048625,124.362946,0.678235,27.91,25.96
177,7/5/2022,C,2,C2,15,C2-15,0.092387,109.042526,0.749215,27.91,26.32
178,7/5/2022,C,2,C2,15,C2-15,0.039261,118.368385,0.730445,27.91,26.99
50,6/30/2022,C,3,C3,1,C3-1,0.634336,92.922447,0.754032,24.48,22.14
51,6/30/2022,C,3,C3,1,C3-1,0.673855,89.731689,0.748013,24.47,22.4
52,6/30/2022,C,3,C3,1,C3-1,0.650577,85.07502,0.768608,24.47,22.42
53,6/30/2022,C,3,C3,2,C3-2,0.862496,91.757294,0.736586,24.48,22.58
54,6/30/2022,C,3,C3,2,C3-2,0.866849,91.503021,0.729432,24.49,22.41
55,6/30/2022,C,3,C3,2,C3-2,1.010143,102.194305,0.699445,24.49,22.04
56,6/30/2022,C,3,C3,3,C3-3,0.298309,82.767609,0.619496,24.51,22.47
57,6/30/2022,C,3,C3,3,C3-3,0.486388,113.960266,0.69495,24.5,22.48
58,6/30/2022,C,3,C3,3,C3-3,0.760271,131.610275,0.587528,24.49,22.36
59,6/30/2022,C,3,C3,4,C3-4,0.999604,86.84063,0.748187,24.47,22.07
60,6/30/2022,C,3,C3,4,C3-4,0.975024,84.978104,0.750971,24.46,22.13
61,6/30/2022,C,3,C3,4,C3-4,1.046664,78.141335,0.769674,24.44,21.82
62,6/30/2022,C,3,C3,5,C3-5,0.553228,89.903351,0.717474,24.49,23.16
63,6/30/2022,C,3,C3,5,C3-5,0.778069,91.598152,0.654259,24.52,22.9
64,6/30/2022,C,3,C3,5,C3-5,0.773149,84.066154,0.736898,24.54,22.79
65,6/30/2022,C,3,C3,6,C3-6,0.677356,226.94278,0.382317,25.14,23.44
66,6/30/2022,C,3,C3,6,C3-6,0.687821,91.912148,0.745112,25.17,22.62
67,6/30/2022,C,3,C3,6,C3-6,0.734613,91.519836,0.754408,25.18,22.77
68,6/30/2022,C,3,C3,7,C3-7,0.924022,164.300674,0.493737,25.18,22.79
69,6/30/2022,C,3,C3,7,C3-7,0.90256,133.952377,0.491323,25.18,24.39
70,6/30/2022,C,3,C3,7,C3-7,1.186994,86.719391,0.714093,25.19,22.67
71,6/30/2022,C,3,C3,8,C3-8,0.762907,235.473633,0.325514,25.22,25.41
72,6/30/2022,C,3,C3,8,C3-8,0.886311,176.581619,0.322232,25.26,25.64
73,6/30/2022,C,3,C3,8,C3-8,1.135153,111.343506,0.668832,25.29,24.09
74,6/30/2022,C,3,C3,9,C3-9,0.504555,223.669052,0.305074,25.44,24.96
75,6/30/2022,C,3,C3,9,C3-9,1.044247,164.754517,0.442591,25.45,24.58
76,6/30/2022,C,3,C3,9,C3-9,1.017537,86.099983,0.735081,25.46,23.02
77,6/30/2022,C,3,C3,10,C3-10,0.8799,214.397903,0.330991,25.47,24.77
78,6/30/2022,C,3,C3,10,C3-10,1.111016,80.493805,0.754496,25.47,22.55
79,6/30/2022,C,3,C3,10,C3-10,0.744764,85.534218,0.767801,25.46,22.49
80,6/30/2022,C,3,C3,11,C3-11,0.848737,85.00457,0.711245,25.43,22.79
81,6/30/2022,C,3,C3,11,C3-11,0.858024,172.932388,0.469447,25.43,23.71
82,6/30/2022,C,3,C3,11,C3-11,1.080449,159.068939,0.524581,25.42,22.65
83,6/30/2022,C,3,C3,12,C3-12,0.732996,213.62793,0.190928,25.42,24
84,6/30/2022,C,3,C3,12,C3-12,0.831164,197.544342,0.26699,25.46,23.96
85,6/30/2022,C,3,C3,12,C3-12,0.951182,87.770462,0.642145,25.48,23.33
86,6/30/2022,C,3,C3,13,C3-13,0.315106,219.023468,0.21279,25.52,26.37
87,6/30/2022,C,3,C3,13,C3-13,0.360357,193.413376,0.223218,25.53,26.8
88,6/30/2022,C,3,C3,13,C3-13,0.367555,91.944695,0.562485,25.56,24.87
89,6/30/2022,C,3,C3,14,C3-14,0.269711,214.637878,0.245446,25.6,24.97
90,6/30/2022,C,3,C3,14,C3-14,0.337824,221.572281,0.251417,25.63,26.5
91,6/30/2022,C,3,C3,14,C3-14,0.501744,72.48008,0.75254,25.66,24.17
92,6/30/2022,C,3,C3,15,C3-15,0.581359,134.778137,0.202909,25.71,25.33
93,6/30/2022,C,3,C3,15,C3-15,0.813489,100.558517,0.314192,25.73,25.92
94,6/30/2022,C,3,C3,15,C3-15,0.779594,82.246902,0.618061,25.75,24.03
181,7/1/2022,C,4,C4,1,C4-1,0.660736,76.317429,0.79823,26.75,25
182,7/1/2022,C,4,C4,1,C4-1,0.692924,74.902298,0.789072,26.77,25.11
183,7/1/2022,C,4,C4,1,C4-1,0.701787,79.421997,0.786806,26.79,25.21
184,7/1/2022,C,4,C4,2,C4-2,0.5567,81.097481,0.75525,26.81,24.79
185,7/1/2022,C,4,C4,2,C4-2,0.526931,85.927246,0.742898,26.81,24.7
186,7/1/2022,C,4,C4,2,C4-2,0.5886,86.902855,0.755915,26.81,25
187,7/1/2022,C,4,C4,3,C4-3,0.480726,93.225006,0.748728,26.83,24.69
188,7/1/2022,C,4,C4,3,C4-3,0.554905,93.640564,0.755018,26.84,25.02
189,7/1/2022,C,4,C4,3,C4-3,0.766857,165.923233,0.581281,26.84,24.87
190,7/1/2022,C,4,C4,4,C4-4,0.028003,130.603546,0.327452,26.89,27.15
191,7/1/2022,C,4,C4,4,C4-4,0.045328,130.786301,0.38453,26.9,26.97
192,7/1/2022,C,4,C4,4,C4-4,0.031503,218.79924,0.440445,26.91,27.01
193,7/1/2022,C,4,C4,5,C4-5,0.743108,110.044952,0.702167,26.94,24.84
194,7/1/2022,C,4,C4,5,C4-5,0.844827,86.979034,0.735914,26.94,24.86
195,7/1/2022,C,4,C4,5,C4-5,0.209878,115.596054,0.73184,26.94,25.5
196,7/1/2022,C,4,C4,6,C4-6,0.008759,86.185455,0.770392,26.96,25.7
197,7/1/2022,C,4,C4,6,C4-6,0.013493,103.623032,0.740677,26.96,26.25
198,7/1/2022,C,4,C4,6,C4-6,0.054416,86.84671,0.767688,26.97,26.15
199,7/1/2022,C,4,C4,7,C4-7,0.557054,87.036964,0.762837,26.99,24.66
200,7/1/2022,C,4,C4,7,C4-7,0.571467,88.847992,0.742757,26.99,24.59
201,7/1/2022,C,4,C4,7,C4-7,0.594434,92.680336,0.757986,26.99,24.98
202,7/1/2022,C,4,C4,8,C4-8,0.639406,97.206474,0.759981,27.02,25.1
203,7/1/2022,C,4,C4,8,C4-8,1.229742,95.807434,0.768658,27.03,25.02
204,7/1/2022,C,4,C4,8,C4-8,0.616124,87.597725,0.767132,27.03,24.86
205,7/1/2022,C,4,C4,9,C4-9,1.291899,126.176117,0.68469,27.25,25.11
206,7/1/2022,C,4,C4,9,C4-9,-5.110509,109.717728,0.608437,27.29,23.17
207,7/1/2022,C,4,C4,9,C4-9,1.054701,97.691055,0.719512,27.29,24.83
208,7/1/2022,C,4,C4,10,C4-10,0.354116,103.913788,0.713995,27.31,25.76
209,7/1/2022,C,4,C4,10,C4-10,0.163566,104.077576,0.692545,27.31,25.88
210,7/1/2022,C,4,C4,10,C4-10,0.213248,102.544785,0.740099,27.31,25.67
211,7/1/2022,C,4,C4,11,C4-11,0.817798,106.014847,0.705535,27.33,25.28
212,7/1/2022,C,4,C4,11,C4-11,0.751504,93.123795,0.747646,27.33,25.26
213,7/1/2022,C,4,C4,11,C4-11,0.670339,132.447479,0.632003,27.33,25.33
214,7/1/2022,C,4,C4,12,C4-12,0.840862,105.753418,0.721864,27.34,25.18
215,7/1/2022,C,4,C4,12,C4-12,0.090365,168.285721,0.393397,27.34,25.32
216,7/1/2022,C,4,C4,12,C4-12,0.929844,95.839981,0.738257,27.35,25.3
217,7/1/2022,C,4,C4,13,C4-13,1.13862,116.904976,0.693983,27.37,25.01
218,7/1/2022,C,4,C4,13,C4-13,0.607838,136.783005,0.663943,27.37,25.3
219,7/1/2022,C,4,C4,13,C4-13,0.689319,86.111427,0.757087,27.38,25.22
220,7/1/2022,C,4,C4,14,C4-14,0.174376,129.982346,0.679599,27.43,26.17
221,7/1/2022,C,4,C4,14,C4-14,0.191702,104.143021,0.748408,27.44,26.41
222,7/1/2022,C,4,C4,14,C4-14,0.349448,105.605003,0.735943,27.45,26.14
223,7/1/2022,C,4,C4,15,C4-15,0.480878,176.085953,0.540299,27.5,25.03
224,7/1/2022,C,4,C4,15,C4-15,0.861989,125.083206,0.67147,27.5,25.26
225,7/1/2022,C,4,C4,15,C4-15,0.890424,108.462814,0.718597,27.51,25.09
226,7/1/2022,C,5,C5,1,C5-1,0.080461,96.792343,0.673749,27.66,27.49
227,7/1/2022,C,5,C5,1,C5-1,0.263539,82.986832,0.741559,27.69,26.69
228,7/1/2022,C,5,C5,1,C5-1,0.05037,86.431862,0.706918,27.71,28.37
229,7/1/2022,C,5,C5,2,C5-2,0.043785,111.046669,0.639828,27.75,27.56
230,7/1/2022,C,5,C5,2,C5-2,0.147412,108.210686,0.672194,27.76,27.59
231,7/1/2022,C,5,C5,2,C5-2,0.050065,97.767952,0.714228,27.77,27.63
232,7/1/2022,C,5,C5,3,C5-3,0.906724,96.629623,0.705307,27.8,25.91
233,7/1/2022,C,5,C5,3,C5-3,0.704274,98.217484,0.70772,27.8,25.98
234,7/1/2022,C,5,C5,3,C5-3,0.888748,83.015083,0.729586,27.81,25.54
235,7/1/2022,C,5,C5,4,C5-4,0.582328,150.416855,0.573884,27.87,27.35
236,7/1/2022,C,5,C5,4,C5-4,0.75153,134.714127,0.560553,27.88,27.05
237,7/1/2022,C,5,C5,4,C5-4,0.795525,112.383484,0.689465,27.89,26.54
238,7/1/2022,C,5,C5,5,C5-5,1.039363,266.358368,0.237277,27.99,26.82
239,7/1/2022,C,5,C5,5,C5-5,0.767967,186.198593,0.355787,28.01,26.61
240,7/1/2022,C,5,C5,5,C5-5,1.443316,116.125702,0.599576,28.03,25.9
241,7/1/2022,C,5,C5,6,C5-6,0.574835,251.513245,0.315124,28.07,26.62
242,7/1/2022,C,5,C5,6,C5-6,0.722362,159.18338,0.602753,28.07,26.08
243,7/1/2022,C,5,C5,6,C5-6,0.499967,123.586182,0.690434,28.08,26.57
244,7/1/2022,C,5,C5,7,C5-7,1.063271,126.564499,0.589647,28.14,26.08
245,7/1/2022,C,5,C5,7,C5-7,0.980497,164.248825,0.430118,28.15,26.55
246,7/1/2022,C,5,C5,7,C5-7,1.010154,97.193596,0.725777,28.16,26.01
247,7/1/2022,C,5,C5,8,C5-8,0.358915,158.939835,0.536179,28.21,27.08
248,7/1/2022,C,5,C5,8,C5-8,0.317627,103.291512,0.639815,28.22,27.5
249,7/1/2022,C,5,C5,8,C5-8,0.208886,146.250122,0.542757,28.24,27.08
250,7/1/2022,C,5,C5,9,C5-9,0.43757,334.712494,0.15675,28.48,27.86
251,7/1/2022,C,5,C5,9,C5-9,0.09524,328.842041,0.145758,28.48,29.15
252,7/1/2022,C,5,C5,9,C5-9,0.139883,177.732117,0.553494,28.49,28.53
253,7/1/2022,C,5,C5,10,C5-10,0.763321,190.963272,0.434745,28.54,27.38
254,7/1/2022,C,5,C5,10,C5-10,0.824486,173.457748,0.475553,28.54,27.29
255,7/1/2022,C,5,C5,10,C5-10,1.026461,116.612076,0.600117,28.55,26.68
256,7/1/2022,C,5,C5,11,C5-11,0.550082,157.391312,0.513571,28.56,27.3
257,7/1/2022,C,5,C5,11,C5-11,0.313439,145.29776,0.479147,28.56,28.04
258,7/1/2022,C,5,C5,11,C5-11,0.619146,80.63221,0.669906,28.57,27.17
259,7/1/2022,C,5,C5,12,C5-12,0.876023,220.741516,0.325632,28.59,27.94
260,7/1/2022,C,5,C5,12,C5-12,0.719091,136.26445,0.549215,28.59,27.83
261,7/1/2022,C,5,C5,12,C5-12,1.079055,128.356583,0.665989,28.6,26.6
262,7/1/2022,C,5,C5,13,C5-13,0.877138,189.30101,0.353501,28.62,27.17
263,7/1/2022,C,5,C5,13,C5-13,0.843607,164.654373,0.452594,28.64,27.71
264,7/1/2022,C,5,C5,13,C5-13,0.913133,95.612167,0.693662,28.65,26.74
265,7/1/2022,C,5,C5,14,C5-14,0.068899,249.562744,0.175666,28.68,29.8
266,7/1/2022,C,5,C5,14,C5-14,0.020183,177.459244,0.214816,28.71,30.66
267,7/1/2022,C,5,C5,14,C5-14,0.045383,97.274063,0.648828,28.73,29.63
268,7/1/2022,C,5,C5,15,C5-15,0.809821,171.458954,0.228606,28.76,28.74
269,7/1/2022,C,5,C5,15,C5-15,1.112458,110.875366,0.545967,28.77,27.5
270,7/1/2022,C,5,C5,15,C5-15,1.483034,97.814796,0.705564,28.77,26.59
1,7/1/2022,C,6,C6,1,C6-1,0.51468,82.369209,0.771877,27.38,23.37
2,7/1/2022,C,6,C6,1,C6-1,0.47242,81.144333,0.774211,27.34,23.83
3,7/1/2022,C,6,C6,1,C6-1,0.332175,116.147522,0.706158,27.3,24.28
4,7/1/2022,C,6,C6,2,C6-2,0.020382,130.422592,0.578194,27.1,25.56
5,7/1/2022,C,6,C6,2,C6-2,0.033957,83.235023,0.772699,27.08,25.46
6,7/1/2022,C,6,C6,2,C6-2,0.036634,152.623779,0.50433,27.04,26.04
7,7/1/2022,C,6,C6,3,C6-3,0.146982,311.94519,0.303654,26.89,24.98
8,7/1/2022,C,6,C6,3,C6-3,0.36317,164.1866,0.529224,26.86,24.2
9,7/1/2022,C,6,C6,3,C6-3,0.169582,290.172455,0.336701,26.84,25.03
10,7/1/2022,C,6,C6,4,C6-4,0.433042,160.414337,0.639926,26.74,24.01
11,7/1/2022,C,6,C6,4,C6-4,0.628527,104.5289,0.748836,26.72,23.85
12,7/1/2022,C,6,C6,4,C6-4,0.242863,148.11409,0.651928,26.68,24.55
13,7/1/2022,C,6,C6,5,C6-5,0.078845,127.675293,0.691877,26.59,24.22
14,7/1/2022,C,6,C6,5,C6-5,0.231593,101.295944,0.755497,26.56,24.67
15,7/1/2022,C,6,C6,5,C6-5,0.309414,91.155411,0.762624,26.53,24.55
16,7/1/2022,C,6,C6,6,C6-6,0.467501,84.573624,0.790787,26.45,23.21
17,7/1/2022,C,6,C6,6,C6-6,0.446982,98.674538,0.761314,26.43,23.59
18,7/1/2022,C,6,C6,6,C6-6,0.545168,87.687134,0.777446,26.4,23.63
19,7/1/2022,C,6,C6,7,C6-7,0.589897,80.417274,0.789122,26.33,23.28
20,7/1/2022,C,6,C6,7,C6-7,0.610494,81.763748,0.79067,26.31,23.55
21,7/1/2022,C,6,C6,7,C6-7,0.604684,83.392738,0.78685,26.29,24.38
22,7/1/2022,C,6,C6,8,C6-8,0.105514,103.717445,0.751375,26.21,23.84
23,7/1/2022,C,6,C6,8,C6-8,0.206519,82.394241,0.789225,26.19,23.58
24,7/1/2022,C,6,C6,8,C6-8,0.10641,134.712341,0.681133,26.18,24.11
25,7/1/2022,C,6,C6,9,C6-9,0.740285,83.82547,0.759982,26.09,23.18
26,7/1/2022,C,6,C6,9,C6-9,0.878968,86.949707,0.774246,26.07,23.35
27,7/1/2022,C,6,C6,9,C6-9,0.802596,96.855995,0.73929,26.04,23.52
28,7/1/2022,C,6,C6,10,C6-10,0.399098,78.775406,0.771909,25.98,23.4
29,7/1/2022,C,6,C6,10,C6-10,0.689653,77.222229,0.775945,25.97,22.97
30,7/1/2022,C,6,C6,10,C6-10,0.566541,84.312561,0.769941,25.95,23.17
31,7/1/2022,C,6,C6,11,C6-11,0.458171,79.503181,0.78407,25.9,23.23
32,7/1/2022,C,6,C6,11,C6-11,0.34542,79.877975,0.793983,25.89,23.25
33,7/1/2022,C,6,C6,11,C6-11,0.466246,90.378639,0.762306,25.87,23.12
34,7/1/2022,C,6,C6,12,C6-12,0.684983,76.639297,0.797177,25.84,22.48
35,7/1/2022,C,6,C6,12,C6-12,0.617539,77.022316,0.791271,25.81,23.23
36,7/1/2022,C,6,C6,12,C6-12,0.707668,76.86853,0.791828,25.8,23.02
37,7/1/2022,C,6,C6,13,C6-13,0.01115,90.623619,0.764081,25.76,24.41
38,7/1/2022,C,6,C6,13,C6-13,0.008009,90.867874,0.7628,25.76,24.64
39,7/1/2022,C,6,C6,13,C6-13,0.005519,93.233582,0.75329,25.75,24.78
40,7/1/2022,C,6,C6,14,C6-14,0.427099,166.363831,0.504262,25.71,23.02
41,7/1/2022,C,6,C6,14,C6-14,0.340869,115.446922,0.636844,25.69,23.79
42,7/1/2022,C,6,C6,14,C6-14,0.532813,176.424622,0.447969,25.68,22.97
43,7/1/2022,C,6,C6,15,C6-15,0.687505,81.202271,0.794394,25.64,22.71
44,7/1/2022,C,6,C6,15,C6-15,0.7744,80.17659,0.79561,25.62,22.8
45,7/1/2022,C,6,C6,15,C6-15,0.742557,90.790985,0.780467,25.6,22.98
47,7/5/2022,C,7,C7,1,C7-1,0.230623,99.009277,0.758523,26.29,23.39
48,7/5/2022,C,7,C7,1,C7-1,0.429618,96.138954,0.755281,26.3,23.26
49,7/5/2022,C,7,C7,1,C7-1,0.192663,146.053787,0.620109,26.32,24.47
50,7/5/2022,C,7,C7,2,C7-2,0.011662,104.385139,0.71852,26.36,25.9
51,7/5/2022,C,7,C7,2,C7-2,0.011903,107.287285,0.706395,26.37,26.72
52,7/5/2022,C,7,C7,2,C7-2,0.012386,107.384201,0.702462,26.37,26.95
53,7/5/2022,C,7,C7,3,C7-3,0.005234,62.891724,0.640069,26.4,26.18
54,7/5/2022,C,7,C7,3,C7-3,0.00609,79.975601,0.625686,26.41,26.21
55,7/5/2022,C,7,C7,3,C7-3,0.006161,79.148773,0.577706,26.42,26.34
56,7/5/2022,C,7,C7,4,C7-4,0.576676,81.336739,0.785932,26.44,23.83
57,7/5/2022,C,7,C7,4,C7-4,0.445695,82.457542,0.785117,26.44,23.87
58,7/5/2022,C,7,C7,4,C7-4,0.410991,84.176659,0.784354,26.44,24.16
59,7/5/2022,C,7,C7,6,C7-6,0.008142,118.933083,0.666735,26.49,25.73
60,7/5/2022,C,7,C7,6,C7-6,0.011809,109.445572,0.707419,26.5,26.13
61,7/5/2022,C,7,C7,6,C7-6,0.014081,120.216606,0.674257,26.51,26.14
62,7/5/2022,C,7,C7,7,C7-7,0.016653,101.04203,0.704115,26.54,26.21
63,7/5/2022,C,7,C7,7,C7-7,0.046183,100.532768,0.721639,26.55,25.84
64,7/5/2022,C,7,C7,7,C7-7,0.033378,102.704285,0.705602,26.56,26.24
65,7/5/2022,C,7,C7,8,C7-8,0.238223,95.220566,0.741445,26.62,23.93
66,7/5/2022,C,7,C7,8,C7-8,0.343682,103.694557,0.729972,26.62,24.28
67,7/5/2022,C,7,C7,8,C7-8,0.244861,100.05069,0.733112,26.62,24.6
68,7/5/2022,C,7,C7,9,C7-9,0.390616,102.193954,0.746098,26.67,23.93
69,7/5/2022,C,7,C7,9,C7-9,0.251716,127.265457,0.675229,26.68,25.08
70,7/5/2022,C,7,C7,9,C7-9,0.430236,191.858414,0.531988,26.7,24.47
71,7/5/2022,C,7,C7,10,C7-10,0.241227,86.637497,0.774907,26.71,23.97
72,7/5/2022,C,7,C7,10,C7-10,0.073006,88.510391,0.770315,26.71,24.38
73,7/5/2022,C,7,C7,10,C7-10,0.179661,103.22142,0.732094,26.71,25.72
74,7/5/2022,C,7,C7,11,C7-11,0.075774,108.63662,0.707506,26.73,25.84
75,7/5/2022,C,7,C7,11,C7-11,0.034276,125.890373,0.643086,26.73,26.9
76,7/5/2022,C,7,C7,11,C7-11,0.016361,157.427795,0.562379,26.74,26.45
77,7/5/2022,C,7,C7,12,C7-12,0.034695,113.273262,0.632905,26.78,25.85
78,7/5/2022,C,7,C7,12,C7-12,0.091369,109.735611,0.632138,26.78,26.3
79,7/5/2022,C,7,C7,12,C7-12,0.08429,105.844261,0.678072,26.79,26.31
80,7/5/2022,C,7,C7,13,C7-13,0.224509,91.545937,0.697381,26.83,24.64
81,7/5/2022,C,7,C7,13,C7-13,0.217105,95.258835,0.677388,26.83,25.4
82,7/5/2022,C,7,C7,13,C7-13,0.148901,117.177132,0.629023,26.84,25.4
83,7/5/2022,C,7,C7,14,C7-14,0.103203,111.421463,0.670962,26.86,25.31
84,7/5/2022,C,7,C7,14,C7-14,0.190912,118.528961,0.649596,26.86,25.32
85,7/5/2022,C,7,C7,14,C7-14,0.084416,117.669228,0.673798,26.86,26.02
86,7/5/2022,C,7,C7,15,C7-15,0.125143,101.55201,0.742862,26.9,24.95
87,7/5/2022,C,7,C7,15,C7-15,0.210394,90.710159,0.756289,26.9,25.05
88,7/5/2022,C,7,C7,15,C7-15,0.243417,92.772247,0.754123,26.9,25.12
136,7/1/2022,C,8,C8,1,C8-1,0.89312,117.571953,0.704863,25.68,23.76
137,7/1/2022,C,8,C8,1,C8-1,0.536722,105.800629,0.748734,25.7,24.28
138,7/1/2022,C,8,C8,1,C8-1,0.926652,117.216827,0.715614,25.71,24.14
139,7/1/2022,C,8,C8,2,C8-2,0.094266,97.677467,0.753118,25.82,25.83
140,7/1/2022,C,8,C8,2,C8-2,0.011499,120.853897,0.672099,25.86,26.96
141,7/1/2022,C,8,C8,2,C8-2,0.007919,113.390564,0.699647,25.9,26.1
142,7/1/2022,C,8,C8,3,C8-3,0.64895,81.495522,0.766318,25.91,24.02
143,7/1/2022,C,8,C8,3,C8-3,0.689158,79.262497,0.77169,25.91,23.71
144,7/1/2022,C,8,C8,3,C8-3,0.63113,81.213715,0.768574,25.91,24.16
145,7/1/2022,C,8,C8,4,C8-4,0.463338,108.132721,0.743495,25.94,24.54
146,7/1/2022,C,8,C8,4,C8-4,0.763445,86.67469,0.75325,25.94,24.15
147,7/1/2022,C,8,C8,4,C8-4,0.256178,209.581726,0.584156,25.95,24.83
148,7/1/2022,C,8,C8,5,C8-5,0.104418,279.297363,0.409941,26,24.95
149,7/1/2022,C,8,C8,5,C8-5,0.266771,117.492912,0.711434,26,24.3
150,7/1/2022,C,8,C8,5,C8-5,0.111006,229.143616,0.497919,26,25.2
151,7/1/2022,C,8,C8,6,C8-6,0.855656,116.244797,0.722898,26.07,23.78
152,7/1/2022,C,8,C8,6,C8-6,0.83148,87.218643,0.769684,26.07,24.01
153,7/1/2022,C,8,C8,6,C8-6,0.79857,99.940536,0.753083,26.08,23.72
154,7/1/2022,C,8,C8,7,C8-7,0.015043,98.795059,0.736714,26.14,25.71
155,7/1/2022,C,8,C8,7,C8-7,0.011209,99.846481,0.740981,26.15,26
156,7/1/2022,C,8,C8,7,C8-7,0.009497,100.608231,0.735803,26.17,25.91
157,7/1/2022,C,8,C8,8,C8-8,0.736671,89.92231,0.768639,26.21,24.17
158,7/1/2022,C,8,C8,8,C8-8,0.865637,97.519043,0.754579,26.21,24.18
159,7/1/2022,C,8,C8,8,C8-8,0.67274,112.451431,0.702676,26.22,24.39
160,7/1/2022,C,8,C8,9,C8-9,0.750509,98.782539,0.711423,26.31,24.51
161,7/1/2022,C,8,C8,9,C8-9,0.685052,103.883026,0.688684,26.34,24.39
162,7/1/2022,C,8,C8,9,C8-9,0.593116,155.385727,0.543218,26.35,24.69
163,7/1/2022,C,8,C8,10,C8-10,0.06863,337.679749,0.288852,26.35,25.79
164,7/1/2022,C,8,C8,10,C8-10,0.706776,88.786125,0.771213,26.35,24.52
165,7/1/2022,C,8,C8,10,C8-10,0.129112,177.844055,0.620591,26.36,25.78
166,7/1/2022,C,8,C8,11,C8-11,0.617837,178.852203,0.563474,26.37,24.63
167,7/1/2022,C,8,C8,11,C8-11,0.139264,276.247498,0.408288,26.37,25.51
168,7/1/2022,C,8,C8,11,C8-11,1.141595,100.833176,0.72693,26.38,24.31
169,7/1/2022,C,8,C8,12,C8-12,0.55432,94.481346,0.739325,26.44,24.43
170,7/1/2022,C,8,C8,12,C8-12,0.701105,84.343674,0.76507,26.44,24.57
171,7/1/2022,C,8,C8,12,C8-12,0.657079,86.67791,0.774504,26.45,24.67
172,7/1/2022,C,8,C8,13,C8-13,0.629667,91.985825,0.726865,26.49,24.69
173,7/1/2022,C,8,C8,13,C8-13,0.664262,85.20842,0.750713,26.49,24.54
174,7/1/2022,C,8,C8,13,C8-13,0.652633,83.149193,0.756899,26.5,24.6
175,7/1/2022,C,8,C8,14,C8-14,0.017092,166.133163,0.434049,26.55,26.32
176,7/1/2022,C,8,C8,14,C8-14,0.059829,130.903595,0.63564,26.56,26.2
177,7/1/2022,C,8,C8,14,C8-14,0.032555,187.929871,0.431357,26.59,26.46
178,7/1/2022,C,8,C8,15,C8-15,0.848618,90.979095,0.750373,26.64,24.46
179,7/1/2022,C,8,C8,15,C8-15,0.857929,106.722954,0.708639,26.64,24.6
180,7/1/2022,C,8,C8,15,C8-15,0.874128,95.839622,0.737389,26.66,24.59
91,7/1/2022,C,9,C9,1,C9-1,0.603408,93.045471,0.776647,25.57,23
92,7/1/2022,C,9,C9,1,C9-1,0.546008,93.279358,0.772552,25.56,23.36
93,7/1/2022,C,9,C9,1,C9-1,0.466825,93.060135,0.774956,25.56,23.31
94,7/1/2022,C,9,C9,2,C9-2,0.013898,119.293213,0.710742,25.56,24.2
95,7/1/2022,C,9,C9,2,C9-2,0.004024,94.675537,0.756602,25.55,24.78
96,7/1/2022,C,9,C9,2,C9-2,0.035988,151.760452,0.648293,25.55,24.72
97,7/1/2022,C,9,C9,3,C9-3,0.48347,94.642639,0.773556,25.12,22.77
98,7/1/2022,C,9,C9,3,C9-3,0.510396,95.141891,0.7713,25.11,23.01
99,7/1/2022,C,9,C9,3,C9-3,0.555776,90.829971,0.782527,25.11,23.47
100,7/1/2022,C,9,C9,4,C9-4,0.07277,175.107483,0.568026,25.09,23.67
101,7/1/2022,C,9,C9,4,C9-4,0.179374,98.953484,0.726513,25.08,23.32
102,7/1/2022,C,9,C9,4,C9-4,0.246702,99.516388,0.75296,25.07,23.79
103,7/1/2022,C,9,C9,5,C9-5,0.694894,77.6875,0.783037,25.06,22.95
104,7/1/2022,C,9,C9,5,C9-5,0.846497,74.494957,0.780146,25.05,23.18
105,7/1/2022,C,9,C9,5,C9-5,0.683848,75.169083,0.782419,25.05,23.15
106,7/1/2022,C,9,C9,6,C9-6,0.566973,89.936256,0.780486,25.06,22.96
107,7/1/2022,C,9,C9,6,C9-6,0.447716,89.204552,0.775618,25.06,22.81
108,7/1/2022,C,9,C9,6,C9-6,0.606366,86.654663,0.780465,25.06,23.12
109,7/1/2022,C,9,C9,7,C9-7,0.549455,100.387215,0.753753,25.08,23.05
110,7/1/2022,C,9,C9,7,C9-7,0.57172,93.202118,0.764721,25.08,23.13
111,7/1/2022,C,9,C9,7,C9-7,0.374719,102.306602,0.752764,25.08,23.23
112,7/1/2022,C,9,C9,8,C9-8,0.260589,121.297363,0.729975,25.11,23.36
113,7/1/2022,C,9,C9,8,C9-8,0.34145,95.828537,0.768654,25.11,23.17
114,7/1/2022,C,9,C9,8,C9-8,0.130061,127.377747,0.722651,25.11,24.26
115,7/1/2022,C,9,C9,9,C9-9,0.437016,87.718605,0.74094,24.88,23.44
116,7/1/2022,C,9,C9,9,C9-9,0.623775,146.264069,0.573,24.93,23.42
117,7/1/2022,C,9,C9,9,C9-9,0.643579,102.964996,0.719331,24.95,23.38
118,7/1/2022,C,9,C9,10,C9-10,0.028658,89.624763,0.75483,25.04,24.13
119,7/1/2022,C,9,C9,10,C9-10,0.003273,87.48436,0.767708,25.04,24.53
120,7/1/2022,C,9,C9,10,C9-10,0.007278,134.718063,0.665088,25.06,24.73
121,7/1/2022,C,9,C9,11,C9-11,0.530422,85.590004,0.777941,25.15,23.46
122,7/1/2022,C,9,C9,11,C9-11,0.800314,81.102844,0.785534,25.15,23.62
123,7/1/2022,C,9,C9,11,C9-11,0.838938,92.176796,0.769776,25.17,23.33
124,7/1/2022,C,9,C9,12,C9-12,0.90279,79.546097,0.777711,25.24,23.58
125,7/1/2022,C,9,C9,12,C9-12,0.721093,91.523766,0.763911,25.25,23.74
126,7/1/2022,C,9,C9,12,C9-12,0.867124,94.841835,0.753133,25.26,23.65
127,7/1/2022,C,9,C9,13,C9-13,0.751314,82.98719,0.788486,25.35,23.49
128,7/1/2022,C,9,C9,13,C9-13,0.93982,82.100273,0.786429,25.39,23.42
129,7/1/2022,C,9,C9,13,C9-13,0.820696,93.508598,0.756521,25.41,23.8
130,7/1/2022,C,9,C9,14,C9-14,0.246608,197.815063,0.583808,25.44,24.28
131,7/1/2022,C,9,C9,14,C9-14,0.633679,106.45723,0.735772,25.45,24.08
132,7/1/2022,C,9,C9,14,C9-14,0.790153,89.35833,0.76609,25.46,23.97
133,7/1/2022,C,9,C9,15,C9-15,0.688169,123.490334,0.632375,25.53,23.74
134,7/1/2022,C,9,C9,15,C9-15,1.183328,158.820389,0.520314,25.57,23.75
135,7/1/2022,C,9,C9,15,C9-15,0.694683,148.888702,0.532901,25.59,24.58
1,7/4/2022,C,10,C10,1,C10-1,0.024902,82.970024,0.778742,24.51,24.75
2,7/4/2022,C,10,C10,1,C10-1,0.030631,92.816589,0.774676,24.52,24.43
3,7/4/2022,C,10,C10,1,C10-1,0.01081,91.388939,0.751505,24.54,26.31
4,7/4/2022,C,10,C10,2,C10-2,0.608035,84.686638,0.764793,24.61,22.67
5,7/4/2022,C,10,C10,2,C10-2,0.679018,81.14505,0.777376,24.62,22.58
6,7/4/2022,C,10,C10,2,C10-2,0.692072,80.696579,0.780839,24.64,22.67
7,7/4/2022,C,10,C10,3,C10-3,0.059339,143.855103,0.670065,24.73,24.81
8,7/4/2022,C,10,C10,3,C10-3,0.026139,121.29557,0.710305,24.74,25.04
9,7/4/2022,C,10,C10,3,C10-3,0.010089,108.728882,0.710065,24.77,25.05
10,7/4/2022,C,10,C10,4,C10-4,0.207886,88.947769,0.781182,24.86,23.04
11,7/4/2022,C,10,C10,4,C10-4,0.362166,77.037689,0.785234,24.88,22.91
12,7/4/2022,C,10,C10,4,C10-4,0.467351,88.042259,0.765743,24.91,22.91
13,7/4/2022,C,10,C10,5,C10-5,0.01601,158.034683,0.397405,25.01,25.47
14,7/4/2022,C,10,C10,5,C10-5,0.023493,147.44603,0.371384,25.05,25.22
15,7/4/2022,C,10,C10,5,C10-5,0.008705,135.382172,0.458208,25.09,24.86
16,7/4/2022,C,10,C10,6,C10-6,0.017605,85.185532,0.765112,25.22,25.2
17,7/4/2022,C,10,C10,6,C10-6,0.012155,86.897133,0.738529,25.23,25.12
18,7/4/2022,C,10,C10,6,C10-6,0.039237,113.554001,0.700945,25.27,25.02
19,7/4/2022,C,10,C10,7,C10-7,0.01198,95.629692,0.714655,25.44,24.95
20,7/4/2022,C,10,C10,7,C10-7,0.014998,80.72126,0.751971,25.48,25.26
21,7/4/2022,C,10,C10,7,C10-7,0.015255,90.757729,0.71794,25.5,25.34
22,7/4/2022,C,10,C10,8,C10-8,0.008371,106.089592,0.702761,25.61,25.78
23,7/4/2022,C,10,C10,8,C10-8,0.010228,105.898621,0.679398,25.63,25.56
24,7/4/2022,C,10,C10,8,C10-8,0.005122,121.814133,0.677079,25.69,25.29
25,7/4/2022,C,10,C10,9,C10-9,0.003024,182.848694,0.398582,25.82,26.46
26,7/4/2022,C,10,C10,9,C10-9,-0.001228,167.743927,0.464736,25.83,26.32
27,7/4/2022,C,10,C10,9,C10-9,0.001342,174.008133,0.474715,25.85,25.83
28,7/4/2022,C,10,C10,10,C10-10,0.000251,138.728851,0.666198,25.92,25.6
29,7/4/2022,C,10,C10,10,C10-10,-0.000168,187.430984,0.44789,25.93,25.73
30,7/4/2022,C,10,C10,10,C10-10,0.002763,126.248001,0.671138,25.95,26.49
31,7/4/2022,C,10,C10,11,C10-11,0.047801,85.562469,0.788845,26.01,24.49
32,7/4/2022,C,10,C10,11,C10-11,0.057165,84.856506,0.780323,26.02,24.52
33,7/4/2022,C,10,C10,11,C10-11,0.04221,81.682564,0.787337,26.03,24.84
34,7/4/2022,C,10,C10,12,C10-12,0.492333,98.724243,0.769139,26.08,23.69
35,7/4/2022,C,10,C10,12,C10-12,0.508425,157.522202,0.563187,26.11,24.35
36,7/4/2022,C,10,C10,12,C10-12,0.379058,122.301224,0.692446,26.12,23.86
37,7/4/2022,C,10,C10,13,C10-13,0.001997,179.386856,0.424996,26.17,25.97
38,7/4/2022,C,10,C10,13,C10-13,0.005413,165.774826,0.464687,26.18,26.12
39,7/4/2022,C,10,C10,13,C10-13,0.00874,157.343384,0.444651,26.2,25.86
40,7/4/2022,C,10,C10,14,C10-14,0.279924,87.587357,0.776475,26.27,23.81
41,7/4/2022,C,10,C10,14,C10-14,0.612878,80.299614,0.785014,26.28,23.4
42,7/4/2022,C,10,C10,14,C10-14,0.412438,92.725395,0.767142,26.3,23.82
43,7/4/2022,C,10,C10,15,C10-15,0.466651,76.456543,0.773017,26.36,24.1
44,7/4/2022,C,10,C10,15,C10-15,0.517762,91.770172,0.724442,26.37,23.75
45,7/4/2022,C,10,C10,15,C10-15,0.418598,77.853081,0.77895,26.38,24.05
95,6/30/2022,T,1,T1,1,T1-1,0.550291,101.45652,0.665156,25.84,25.07
96,6/30/2022,T,1,T1,1,T1-1,0.823874,171.055557,0.236904,25.82,25.88
97,6/30/2022,T,1,T1,1,T1-1,0.7668,87.033394,0.711454,25.81,24.2
98,6/30/2022,T,1,T1,2,T1-2,0.05581,286.628723,0.098871,25.8,26.59
99,6/30/2022,T,1,T1,2,T1-2,0.344812,138.570068,0.649103,25.79,24.43
100,6/30/2022,T,1,T1,2,T1-2,0.057455,113.586548,0.61074,25.78,26.98
101,6/30/2022,T,1,T1,3,T1-3,0.659768,162.971375,0.363686,25.77,25.63
102,6/30/2022,T,1,T1,3,T1-3,1.004347,152.185318,0.431426,25.77,25.41
103,6/30/2022,T,1,T1,3,T1-3,0.43913,99.339005,0.698088,25.77,24.03
104,6/30/2022,T,1,T1,4,T1-4,0.439282,274.341339,0.169444,25.76,26.33
105,6/30/2022,T,1,T1,4,T1-4,0.409132,265.336273,0.177786,25.76,27.27
106,6/30/2022,T,1,T1,4,T1-4,0.556258,111.196159,0.695723,25.76,24.49
107,6/30/2022,T,1,T1,5,T1-5,0.520088,312.541351,0.119029,25.75,25.59
108,6/30/2022,T,1,T1,5,T1-5,0.743934,171.047684,0.413848,25.76,24.31
109,6/30/2022,T,1,T1,5,T1-5,0.373719,112.022636,0.655039,25.76,24.46
110,6/30/2022,T,1,T1,6,T1-6,0.5837,274.929657,0.102948,25.75,25.37
111,6/30/2022,T,1,T1,6,T1-6,0.594078,216.100937,0.250923,25.75,25.74
112,6/30/2022,T,1,T1,6,T1-6,0.802171,94.549652,0.688486,25.72,23.44
113,6/30/2022,T,1,T1,7,T1-7,0.560687,146.923187,0.247554,25.69,25.85
114,6/30/2022,T,1,T1,7,T1-7,0.768734,220.052368,0.152396,25.67,25.76
115,6/30/2022,T,1,T1,7,T1-7,0.778626,138.188843,0.272801,25.67,25.97
116,6/30/2022,T,1,T1,8,T1-8,0.866018,74.359421,0.730808,25.65,23.58
117,6/30/2022,T,1,T1,8,T1-8,1.056631,74.210648,0.740491,25.63,23.88
118,6/30/2022,T,1,T1,8,T1-8,1.010513,51.436543,0.759017,25.62,22.99
119,6/30/2022,T,1,T1,9,T1-9,0.576118,76.722977,0.749048,25.61,24.25
120,6/30/2022,T,1,T1,9,T1-9,0.574017,60.355423,0.767281,25.6,23.63
121,6/30/2022,T,1,T1,9,T1-9,0.541899,53.292274,0.779183,25.58,23.7
122,6/30/2022,T,1,T1,10,T1-10,0.713546,207.214233,0.251167,25.57,25.24
123,6/30/2022,T,1,T1,10,T1-10,0.794447,159.47377,0.304743,25.57,25.94
124,6/30/2022,T,1,T1,10,T1-10,0.875349,88.015076,0.713051,25.59,23.59
125,6/30/2022,T,1,T1,11,T1-11,0.656715,175.390717,0.339624,25.59,24.88
126,6/30/2022,T,1,T1,11,T1-11,0.621022,198.801041,0.319427,25.58,25.53
127,6/30/2022,T,1,T1,11,T1-11,0.541944,91.515182,0.727456,25.58,24.42
128,6/30/2022,T,1,T1,12,T1-12,0.665391,237.083679,0.212583,25.53,24.49
129,6/30/2022,T,1,T1,12,T1-12,1.031005,100.622894,0.626111,25.52,23.3
130,6/30/2022,T,1,T1,12,T1-12,1.315381,113.551857,0.601168,25.5,22.92
131,6/30/2022,T,1,T1,13,T1-13,0.468384,179.672241,0.387305,25.48,24.58
132,6/30/2022,T,1,T1,13,T1-13,0.444625,177.593704,0.358871,25.48,24.87
133,6/30/2022,T,1,T1,13,T1-13,0.510496,79.153419,0.697574,25.47,23.57
134,6/30/2022,T,1,T1,14,T1-14,0.947253,158.847931,0.446183,25.48,24.17
135,6/30/2022,T,1,T1,14,T1-14,1.100299,111.569168,0.673815,25.48,23.52
136,6/30/2022,T,1,T1,14,T1-14,1.180392,96.906425,0.71184,25.49,22.87
137,6/30/2022,T,1,T1,15,T1-15,0.075345,215.378525,0.331226,25.5,25.58
138,6/30/2022,T,1,T1,15,T1-15,0.044749,215.023392,0.314487,25.51,25.87
139,6/30/2022,T,1,T1,15,T1-15,0.100035,87.817673,0.683716,25.51,24.94
89,7/5/2022,T,2,T2,1,T2-1,0.35516,91.525909,0.756853,26.97,24.39
90,7/5/2022,T,2,T2,1,T2-1,0.30592,115.475174,0.70153,27,25.48
91,7/5/2022,T,2,T2,1,T2-1,0.376778,129.597183,0.667358,27.02,25.03
92,7/5/2022,T,2,T2,2,T2-2,0.457437,101.732254,0.737905,27.05,24.07
93,7/5/2022,T,2,T2,2,T2-2,0.546787,105.120064,0.743126,27.05,24.8
94,7/5/2022,T,2,T2,2,T2-2,0.325837,97.933174,0.744964,27.05,24.94
95,7/5/2022,T,2,T2,3,T2-3,0.089732,92.593788,0.764971,27.07,24.95
96,7/5/2022,T,2,T2,3,T2-3,0.153734,92.561958,0.744124,27.07,24.31
97,7/5/2022,T,2,T2,3,T2-3,0.059215,169.304962,0.57037,27.07,26.14
98,7/5/2022,T,2,T2,4,T2-4,0.215163,98.705292,0.743712,27.09,24.28
99,7/5/2022,T,2,T2,4,T2-4,0.179725,94.583984,0.734854,27.08,24.73
100,7/5/2022,T,2,T2,4,T2-4,0.255528,96.02594,0.729459,27.08,25.15
101,7/5/2022,T,2,T2,5,T2-5,0.202688,103.967789,0.714976,27.1,24.72
102,7/5/2022,T,2,T2,5,T2-5,0.17665,107.666016,0.716659,27.1,25.18
103,7/5/2022,T,2,T2,5,T2-5,0.254559,113.25753,0.697827,27.1,25.18
104,7/5/2022,T,2,T2,6,T2-6,0.509136,108.162399,0.703318,27.13,24.21
105,7/5/2022,T,2,T2,6,T2-6,0.108699,227.996704,0.426123,27.13,26.37
106,7/5/2022,T,2,T2,6,T2-6,0.475231,104.845047,0.704775,27.13,24.56
107,7/5/2022,T,2,T2,7,T2-7,0.268342,90.774536,0.742019,27.16,24.15
108,7/5/2022,T,2,T2,7,T2-7,0.089244,128.931641,0.655236,27.16,25.79
109,7/5/2022,T,2,T2,7,T2-7,0.099869,99.930885,0.733182,27.16,25.49
110,7/5/2022,T,2,T2,8,T2-8,0.342362,96.482277,0.729786,27.18,23.93
111,7/5/2022,T,2,T2,8,T2-8,0.493282,92.189667,0.741105,27.18,24.12
112,7/5/2022,T,2,T2,8,T2-8,0.394907,93.189957,0.745239,27.17,24.05
113,7/5/2022,T,2,T2,9,T2-9,0.641194,98.097679,0.735841,27.22,23.9
114,7/5/2022,T,2,T2,9,T2-9,0.704863,138.860107,0.625665,27.25,23.74
115,7/5/2022,T,2,T2,9,T2-9,0.804711,124.270317,0.662582,27.27,23.74
116,7/5/2022,T,2,T2,10,T2-10,0.044216,251.089096,0.287858,27.3,26.33
117,7/5/2022,T,2,T2,10,T2-10,0.071224,148.52536,0.584534,27.3,26.26
118,7/5/2022,T,2,T2,10,T2-10,0.050421,184.693329,0.527869,27.31,26.72
119,7/5/2022,T,2,T2,11,T2-11,0.455515,92.454674,0.763193,27.35,24.12
120,7/5/2022,T,2,T2,11,T2-11,0.655074,87.340233,0.7731,27.35,24.5
121,7/5/2022,T,2,T2,11,T2-11,0.273272,133.974197,0.666813,27.36,25.64
122,7/5/2022,T,2,T2,12,T2-12,0.198117,104.83754,0.730181,27.41,25.11
123,7/5/2022,T,2,T2,12,T2-12,0.281924,135.486252,0.653032,27.41,25.12
124,7/5/2022,T,2,T2,12,T2-12,0.205219,187.592621,0.511398,27.41,25.88
125,7/5/2022,T,2,T2,13,T2-13,0.346906,104.749207,0.706017,27.45,25.32
126,7/5/2022,T,2,T2,13,T2-13,0.496401,85.669754,0.766921,27.46,24.96
127,7/5/2022,T,2,T2,13,T2-13,0.610705,111.86171,0.680423,27.46,24.56
128,7/5/2022,T,2,T2,14,T2-14,0.702665,128.672363,0.660994,27.49,24.73
129,7/5/2022,T,2,T2,14,T2-14,0.108133,126.753685,0.641101,27.5,26.59
130,7/5/2022,T,2,T2,14,T2-14,0.155169,148.278229,0.615862,27.51,26.41
131,7/5/2022,T,2,T2,15,T2-15,0.395285,83.266136,0.751474,27.67,24.6
132,7/5/2022,T,2,T2,15,T2-15,0.184694,91.26413,0.740672,27.69,25.77
133,7/5/2022,T,2,T2,15,T2-15,0.255677,80.407623,0.754005,27.7,25.46
224,7/5/2022,T,3,T3,1,T3-1,0.294188,94.424126,0.74285,26.02,23.31
225,7/5/2022,T,3,T3,1,T3-1,0.372357,84.437012,0.768441,26,23.47
226,7/5/2022,T,3,T3,1,T3-1,0.270421,85.993408,0.769582,25.98,23.23
227,7/5/2022,T,3,T3,2,T3-2,0.246625,94.079018,0.74358,25.92,23.46
228,7/5/2022,T,3,T3,2,T3-2,0.263545,92.330574,0.740391,25.91,23.84
229,7/5/2022,T,3,T3,2,T3-2,0.240573,101.499794,0.738289,25.89,24.11
230,7/5/2022,T,3,T3,3,T3-3,0.153943,204.074982,0.308975,25.86,23.91
231,7/5/2022,T,3,T3,3,T3-3,0.159767,180.439713,0.34908,25.85,24.01
232,7/5/2022,T,3,T3,3,T3-3,0.208557,207.222107,0.334968,25.83,24.32
233,7/5/2022,T,3,T3,4,T3-4,0.573115,105.604645,0.732578,25.8,22.98
234,7/5/2022,T,3,T3,4,T3-4,0.548372,108.718155,0.726512,25.79,23.41
235,7/5/2022,T,3,T3,4,T3-4,0.658128,108.622673,0.731516,25.78,23.72
236,7/5/2022,T,3,T3,5,T3-5,0.405131,129.593964,0.665547,25.74,23.06
237,7/5/2022,T,3,T3,5,T3-5,0.166196,182.278275,0.516842,25.73,23.89
238,7/5/2022,T,3,T3,5,T3-5,0.285222,144.798523,0.609871,25.71,23.82
239,7/5/2022,T,3,T3,6,T3-6,0.480827,141.544464,0.66366,25.66,22.44
240,7/5/2022,T,3,T3,6,T3-6,0.927864,93.573692,0.7536,25.64,22.76
241,7/5/2022,T,3,T3,6,T3-6,0.944876,97.587349,0.739586,25.63,23.14
242,7/5/2022,T,3,T3,7,T3-7,0.645183,125.627159,0.698993,25.59,22.93
243,7/5/2022,T,3,T3,7,T3-7,0.429287,101.746201,0.737819,25.59,22.89
244,7/5/2022,T,3,T3,7,T3-7,0.566658,123.282196,0.703283,25.58,23.32
245,7/5/2022,T,3,T3,8,T3-8,0.335935,106.235146,0.707827,25.56,23.3
246,7/5/2022,T,3,T3,8,T3-8,0.511741,100.107552,0.743338,25.55,23.4
247,7/5/2022,T,3,T3,8,T3-8,0.437396,100.121498,0.74201,25.54,23.63
248,7/5/2022,T,3,T3,9,T3-9,0.767108,166.410324,0.571291,25.49,22.9
249,7/5/2022,T,3,T3,9,T3-9,0.701227,208.119751,0.450544,25.49,23.16
250,7/5/2022,T,3,T3,9,T3-9,0.470127,200.038071,0.475122,25.49,23.33
251,7/5/2022,T,3,T3,10,T3-10,0.602587,103.657364,0.752598,25.45,23.02
252,7/5/2022,T,3,T3,10,T3-10,0.502032,123.606201,0.709673,25.43,23.11
253,7/5/2022,T,3,T3,10,T3-10,0.424265,108.263969,0.748633,25.42,23.32
254,7/5/2022,T,3,T3,11,T3-11,0.574278,101.094963,0.727961,25.37,22.92
255,7/5/2022,T,3,T3,11,T3-11,0.618359,105.069992,0.722169,25.36,23.3
256,7/5/2022,T,3,T3,11,T3-11,0.510004,103.956696,0.71071,25.35,23.19
257,7/5/2022,T,3,T3,12,T3-12,0.432179,84.587929,0.760777,25.36,22.77
258,7/5/2022,T,3,T3,12,T3-12,0.38818,84.384087,0.772925,25.35,23.35
259,7/5/2022,T,3,T3,12,T3-12,0.455033,97.115997,0.742739,25.35,23.32
260,7/5/2022,T,3,T3,13,T3-13,0.25384,128.165253,0.692194,25.35,23.26
261,7/5/2022,T,3,T3,13,T3-13,0.533418,91.987251,0.764199,25.34,22.98
262,7/5/2022,T,3,T3,13,T3-13,0.209708,177.074783,0.566515,25.33,24.01
263,7/5/2022,T,3,T3,14,T3-14,0.653793,83.473923,0.764171,25.3,22.44
264,7/5/2022,T,3,T3,14,T3-14,0.693403,79.550743,0.767978,25.29,22.36
265,7/5/2022,T,3,T3,14,T3-14,0.650616,90.463402,0.739811,25.28,22.56
266,7/5/2022,T,3,T3,15,T3-15,0.616445,102.422119,0.736322,25.24,22.55
267,7/5/2022,T,3,T3,15,T3-15,0.6377,94.347237,0.744735,25.23,22.74
268,7/5/2022,T,3,T3,15,T3-15,0.556374,96.810936,0.746806,25.22,22.85
124,7/4/2022,T,4,T4,1,T4-1,0.328712,96.260544,0.756505,25.63,23.53
125,7/4/2022,T,4,T4,1,T4-1,0.166952,137.50827,0.680857,25.62,23.92
126,7/4/2022,T,4,T4,1,T4-1,0.268213,98.178146,0.75593,25.61,24.27
127,7/4/2022,T,4,T4,2,T4-2,0.327149,77.832344,0.774432,25.61,22.85
128,7/4/2022,T,4,T4,2,T4-2,0.440085,80.713745,0.78352,25.6,23.55
129,7/4/2022,T,4,T4,2,T4-2,0.375972,81.357483,0.77628,25.61,23.6
130,7/4/2022,T,4,T4,3,T4-3,0.359862,88.161705,0.778171,25.61,22.69
131,7/4/2022,T,4,T4,3,T4-3,0.411244,80.293182,0.750872,25.61,23.26
132,7/4/2022,T,4,T4,3,T4-3,0.137785,103.483917,0.742041,25.61,24.24
133,7/4/2022,T,4,T4,4,T4-4,0.284122,85.964798,0.746464,25.6,23.14
134,7/4/2022,T,4,T4,4,T4-4,0.339224,80.238464,0.754913,25.6,23.64
135,7/4/2022,T,4,T4,4,T4-4,0.222759,99.797844,0.68492,25.59,23.66
136,7/4/2022,T,4,T4,5,T4-5,0.710304,90.943336,0.737296,25.56,22.9
137,7/4/2022,T,4,T4,5,T4-5,0.70623,92.362045,0.734285,25.55,23.07
138,7/4/2022,T,4,T4,5,T4-5,0.69865,101.894257,0.715372,25.55,23.36
139,7/4/2022,T,4,T4,6,T4-6,0.251171,101.904274,0.745021,25.54,22.65
140,7/4/2022,T,4,T4,6,T4-6,0.178636,98.057266,0.752528,25.54,23.61
141,7/4/2022,T,4,T4,6,T4-6,0.161131,97.678902,0.746902,25.53,23.78
142,7/4/2022,T,4,T4,7,T4-7,0.154682,92.718246,0.768002,25.52,23.29
143,7/4/2022,T,4,T4,7,T4-7,0.202433,89.778183,0.769105,25.51,23.68
144,7/4/2022,T,4,T4,7,T4-7,0.299886,89.203117,0.76672,25.5,23.74
145,7/4/2022,T,4,T4,8,T4-8,0.139598,91.838478,0.734466,25.49,24.44
146,7/4/2022,T,4,T4,8,T4-8,0.166473,84.470276,0.756976,25.48,24.53
147,7/4/2022,T,4,T4,8,T4-8,0.097018,98.738548,0.718515,25.48,26.46
148,7/4/2022,T,4,T4,9,T4-9,0.057313,87.045197,0.75872,25.46,24.7
149,7/4/2022,T,4,T4,9,T4-9,0.076036,93.777534,0.740998,25.47,23.88
150,7/4/2022,T,4,T4,9,T4-9,0.029026,121.846321,0.682162,25.47,24.52
151,7/4/2022,T,4,T4,10,T4-10,0.081421,100.795624,0.747643,25.45,24.53
152,7/4/2022,T,4,T4,10,T4-10,0.035958,109.306099,0.740499,25.45,24.72
153,7/4/2022,T,4,T4,10,T4-10,0.053313,110.935089,0.736614,25.45,24.87
154,7/4/2022,T,4,T4,11,T4-11,0.055992,201.060181,0.472987,25.45,24.42
155,7/4/2022,T,4,T4,11,T4-11,0.08179,198.77565,0.543921,25.46,25.52
156,7/4/2022,T,4,T4,11,T4-11,0.30009,84.16021,0.741601,25.47,24.38
157,7/4/2022,T,4,T4,12,T4-12,0.724507,82.195404,0.734472,25.48,22.81
158,7/4/2022,T,4,T4,12,T4-12,0.956245,68.558334,0.734394,25.48,23.3
159,7/4/2022,T,4,T4,12,T4-12,0.824621,60.718418,0.738896,25.48,23.33
160,7/4/2022,T,4,T4,13,T4-13,0.420502,87.468628,0.755143,25.47,23.5
161,7/4/2022,T,4,T4,13,T4-13,0.263641,83.831551,0.7725,25.46,24.52
162,7/4/2022,T,4,T4,13,T4-13,0.40922,82.894203,0.772349,25.46,24.07
163,7/4/2022,T,4,T4,14,T4-14,0.19257,103.795052,0.707326,25.44,25.54
164,7/4/2022,T,4,T4,14,T4-14,0.239179,110.400795,0.679969,25.43,24.9
165,7/4/2022,T,4,T4,14,T4-14,0.144892,159.781693,0.577215,25.42,25.11
166,7/4/2022,T,4,T4,15,T4-15,0.106326,105.839607,0.719323,25.43,24.93
167,7/4/2022,T,4,T4,15,T4-15,0.046113,169.68692,0.598411,25.44,25.51
168,7/4/2022,T,4,T4,15,T4-15,0.023479,189.042084,0.57676,25.45,25.32
169,7/4/2022,T,5,T5,1,T5-1,0.115661,76.993347,0.745759,25.48,23.35
170,7/4/2022,T,5,T5,1,T5-1,0.160183,77.196838,0.749519,25.48,23.49
171,7/4/2022,T,5,T5,1,T5-1,0.097507,77.485802,0.764539,25.48,24
172,7/4/2022,T,5,T5,2,T5-2,0.387195,85.73735,0.737925,25.46,22.57
173,7/4/2022,T,5,T5,2,T5-2,0.427711,83.225723,0.739532,25.46,23.57
174,7/4/2022,T,5,T5,2,T5-2,0.383472,83.813309,0.741151,25.46,22.85
175,7/4/2022,T,5,T5,3,T5-3,0.536289,78.954933,0.765962,25.42,23.02
176,7/4/2022,T,5,T5,3,T5-3,0.50346,84.256767,0.758956,25.41,23.38
177,7/4/2022,T,5,T5,3,T5-3,0.68723,97.187874,0.723896,25.39,22.86
178,7/4/2022,T,5,T5,4,T5-4,0.022752,146.688934,0.666832,25.39,24.67
179,7/4/2022,T,5,T5,4,T5-4,0.471172,79.595444,0.759956,25.39,23.69
180,7/4/2022,T,5,T5,4,T5-4,0.469101,81.794144,0.76679,25.38,23.75
181,7/4/2022,T,5,T5,5,T5-5,0.802968,75.912598,0.780455,25.37,22.36
182,7/4/2022,T,5,T5,5,T5-5,0.815285,76.217293,0.780033,25.36,22.83
183,7/4/2022,T,5,T5,5,T5-5,0.706271,76.473709,0.782861,25.36,22.37
184,7/4/2022,T,5,T5,6,T5-6,0.29902,74.992416,0.785493,25.33,22.69
185,7/4/2022,T,5,T5,6,T5-6,0.327921,69.79895,0.779638,25.32,22.97
186,7/4/2022,T,5,T5,6,T5-6,0.232229,72.851303,0.78368,25.31,23.59
187,7/4/2022,T,5,T5,7,T5-7,0.090844,87.143539,0.783161,25.29,23.17
188,7/4/2022,T,5,T5,7,T5-7,0.11627,92.729691,0.76959,25.29,23.83
189,7/4/2022,T,5,T5,7,T5-7,0.065982,114.080788,0.726174,25.28,24.35
190,7/4/2022,T,5,T5,8,T5-8,0.250717,91.983322,0.760893,25.27,23.43
191,7/4/2022,T,5,T5,8,T5-8,0.291258,89.323997,0.766398,25.27,23.54
192,7/4/2022,T,5,T5,8,T5-8,0.226302,91.101768,0.759303,25.27,23.52
193,7/4/2022,T,5,T5,9,T5-9,0.053098,87.073807,0.788535,25.23,23.62
194,7/4/2022,T,5,T5,9,T5-9,0.122857,83.978889,0.782639,25.22,23.51
195,7/4/2022,T,5,T5,9,T5-9,0.158271,93.871948,0.768495,25.21,23.97
196,7/4/2022,T,5,T5,10,T5-10,0.334811,84.816101,0.75031,25.2,22.95
197,7/4/2022,T,5,T5,10,T5-10,0.627734,83.517906,0.74559,25.19,22.56
198,7/4/2022,T,5,T5,10,T5-10,0.128932,100.513817,0.740402,25.2,24.88
199,7/4/2022,T,5,T5,11,T5-11,0.005642,269.69397,0.387473,25.21,24.73
200,7/4/2022,T,5,T5,11,T5-11,0.004559,246.060135,0.462591,25.21,25.03
201,7/4/2022,T,5,T5,11,T5-11,0.023364,152.17746,0.601695,25.22,25.24
202,7/4/2022,T,5,T5,12,T5-12,0.079145,181.169266,0.554686,25.26,24.19
203,7/4/2022,T,5,T5,12,T5-12,0.35531,85.512756,0.781535,25.27,23.13
204,7/4/2022,T,5,T5,12,T5-12,0.140711,182.984238,0.529456,25.27,25.24
205,7/4/2022,T,5,T5,13,T5-13,0.111005,78.008293,0.780777,25.29,23.74
206,7/4/2022,T,5,T5,13,T5-13,0.145819,78.182457,0.79319,25.29,23.77
207,7/4/2022,T,5,T5,13,T5-13,0.179261,78.351257,0.792504,25.29,23.85
208,7/4/2022,T,5,T5,14,T5-14,0.476784,87.884903,0.777908,25.28,22.32
209,7/4/2022,T,5,T5,14,T5-14,0.290818,95.115425,0.769743,25.27,22.34
210,7/4/2022,T,5,T5,14,T5-14,0.536396,88.274002,0.768462,25.25,22.86
211,7/4/2022,T,5,T5,15,T5-15,0.019656,187.958481,0.518554,25.22,23.33
212,7/4/2022,T,5,T5,15,T5-15,0.038587,172.366257,0.539819,25.21,24.13
213,7/4/2022,T,5,T5,15,T5-15,0.034906,89.679123,0.746082,25.2,24.31
79,7/4/2022,T,6,T6,1,T6-1,0.15595,90.882538,0.772926,26.79,24.47
80,7/4/2022,T,6,T6,1,T6-1,0.386808,86.333511,0.774302,26.8,23.6
81,7/4/2022,T,6,T6,1,T6-1,0.073131,85.301399,0.778617,26.8,25.48
82,7/4/2022,T,6,T6,2,T6-2,0.156644,107.099174,0.732671,26.84,24.3
83,7/4/2022,T,6,T6,2,T6-2,0.293449,210.589172,0.558426,26.85,24.58
84,7/4/2022,T,6,T6,2,T6-2,0.465799,98.024368,0.754875,26.85,24.01
85,7/4/2022,T,6,T6,3,T6-3,0.839227,84.765671,0.76387,26.9,23.4
86,7/4/2022,T,6,T6,3,T6-3,0.970483,86.232666,0.761847,26.92,23.28
87,7/4/2022,T,6,T6,3,T6-3,0.692544,96.612099,0.763555,26.93,24
88,7/4/2022,T,6,T6,4,T6-4,0.254046,92.669968,0.764653,26.95,24.38
89,7/4/2022,T,6,T6,4,T6-4,0.186516,72.353836,0.768645,26.95,24.83
90,7/4/2022,T,6,T6,4,T6-4,0.124042,83.124519,0.776034,26.95,25.02
91,7/4/2022,T,6,T6,5,T6-5,0.623477,88.479996,0.780725,26.93,23.54
92,7/4/2022,T,6,T6,5,T6-5,0.716655,89.038971,0.770193,26.92,23.92
93,7/4/2022,T,6,T6,5,T6-5,0.37428,96.107841,0.775428,26.9,24.66
94,7/4/2022,T,6,T6,6,T6-6,1.133612,182.294724,0.554847,26.85,23.14
95,7/4/2022,T,6,T6,6,T6-6,0.73015,157.947784,0.599707,26.83,23.75
96,7/4/2022,T,6,T6,6,T6-6,0.304845,127.601265,0.650615,26.81,23.79
97,7/4/2022,T,6,T6,7,T6-7,0.275426,118.913773,0.669516,26.72,25.14
98,7/4/2022,T,6,T6,7,T6-7,0.066189,119.627235,0.679852,26.71,25.47
99,7/4/2022,T,6,T6,7,T6-7,0.119711,134.575012,0.614485,26.66,24.9
100,7/4/2022,T,6,T6,8,T6-8,0.184042,89.775322,0.77296,26.59,23.51
101,7/4/2022,T,6,T6,8,T6-8,0.250127,119.233131,0.696942,26.57,24.77
102,7/4/2022,T,6,T6,8,T6-8,0.102784,107.809784,0.724908,26.54,25.23
103,7/4/2022,T,6,T6,9,T6-9,0.269879,98.983528,0.723737,26.25,23.64
104,7/4/2022,T,6,T6,9,T6-9,0.295711,95.368622,0.733792,26.24,23.97
105,7/4/2022,T,6,T6,9,T6-9,0.250496,99.651932,0.682224,26.21,24.2
106,7/4/2022,T,6,T6,10,T6-10,0.115698,83.402397,0.782409,26.15,23.36
107,7/4/2022,T,6,T6,10,T6-10,0.071577,79.384804,0.752523,26.14,23.88
108,7/4/2022,T,6,T6,10,T6-10,0.134571,80.826401,0.742132,26.11,24.1
109,7/4/2022,T,6,T6,11,T6-11,0.710312,91.827751,0.735557,26.05,23.13
110,7/4/2022,T,6,T6,11,T6-11,0.770118,108.772514,0.697078,26.01,23.35
111,7/4/2022,T,6,T6,11,T6-11,0.749492,113.321541,0.683039,26,23.4
112,7/4/2022,T,6,T6,12,T6-12,0.175797,99.296806,0.681521,25.98,23.36
113,7/4/2022,T,6,T6,12,T6-12,0.189184,99.723816,0.687617,25.97,23.87
114,7/4/2022,T,6,T6,12,T6-12,0.167277,96.777679,0.692618,25.95,24.04
115,7/4/2022,T,6,T6,13,T6-13,0.127554,80.011009,0.767168,25.92,23.77
116,7/4/2022,T,6,T6,13,T6-13,0.136462,81.420067,0.775285,25.9,24.52
117,7/4/2022,T,6,T6,13,T6-13,0.22256,81.187248,0.767865,25.89,24.47
118,7/4/2022,T,6,T6,14,T6-14,0.096256,89.951279,0.775867,25.85,23.43
119,7/4/2022,T,6,T6,14,T6-14,0.152707,98.54686,0.7525,25.83,25
120,7/4/2022,T,6,T6,14,T6-14,0.165049,105.978371,0.746158,25.83,24.51
121,7/4/2022,T,6,T6,15,T6-15,0.200665,78.064796,0.788038,25.79,23.08
122,7/4/2022,T,6,T6,15,T6-15,0.164622,80.529572,0.784324,25.77,23.9
123,7/4/2022,T,6,T6,15,T6-15,0.140959,78.290466,0.781497,25.75,23.87
140,6/30/2022,T,7,T7,1,T7-1,0.221436,136.780502,0.559919,25.61,24.93
141,6/30/2022,T,7,T7,1,T7-1,0.110194,154.12616,0.537765,25.61,25.42
142,6/30/2022,T,7,T7,1,T7-1,0.102989,144.98877,0.570714,25.6,25.06
143,6/30/2022,T,7,T7,2,T7-2,0.169275,174.064636,0.341238,25.59,24.45
144,6/30/2022,T,7,T7,2,T7-2,0.369922,118.133072,0.557681,25.61,24.58
145,6/30/2022,T,7,T7,2,T7-2,0.255582,177.93631,0.462062,25.63,25.48
146,6/30/2022,T,7,T7,3,T7-3,0.135885,161.298401,0.302638,25.64,25.93
147,6/30/2022,T,7,T7,3,T7-3,0.237872,120.194077,0.589445,25.64,25.28
148,6/30/2022,T,7,T7,3,T7-3,0.414212,124.894737,0.478713,25.64,25.24
149,6/30/2022,T,7,T7,4,T7-4,1.07629,235.018021,0.390496,25.65,23.76
150,6/30/2022,T,7,T7,4,T7-4,1.45543,271.340485,0.333659,25.66,23.62
151,6/30/2022,T,7,T7,4,T7-4,1.17449,214.477295,0.275814,25.67,23.98
152,6/30/2022,T,7,T7,5,T7-5,0.548035,131.231552,0.559045,26.49,24.2
153,6/30/2022,T,7,T7,5,T7-5,0.781293,117.538689,0.613844,26.5,24.2
154,6/30/2022,T,7,T7,5,T7-5,0.745295,97.708939,0.673144,26.51,24.14
155,6/30/2022,T,7,T7,6,T7-6,0.667627,296.75531,0.163899,26.47,24.3
156,6/30/2022,T,7,T7,6,T7-6,0.543559,289.42395,0.229584,26.45,25.09
157,6/30/2022,T,7,T7,6,T7-6,0.755268,282.92691,0.286969,26.43,24.73
158,6/30/2022,T,7,T7,7,T7-7,0.330009,159.975891,0.336379,26.39,25.55
159,6/30/2022,T,7,T7,7,T7-7,0.405877,173.761017,0.375404,26.38,25.16
160,6/30/2022,T,7,T7,7,T7-7,0.50202,189.637177,0.367449,26.36,24.52
161,6/30/2022,T,7,T7,8,T7-8,0.532832,128.489975,0.549075,26.3,24.9
162,6/30/2022,T,7,T7,8,T7-8,0.530431,95.430138,0.702082,26.29,24.91
163,6/30/2022,T,7,T7,8,T7-8,0.718951,90.915802,0.704983,26.26,23.66
164,6/30/2022,T,7,T7,9,T7-9,0.487547,164.446594,0.393898,26.26,25.69
165,6/30/2022,T,7,T7,9,T7-9,0.34009,148.622269,0.407347,26.26,25.7
166,6/30/2022,T,7,T7,9,T7-9,0.693971,115.247009,0.602142,26.26,24.62
167,6/30/2022,T,7,T7,10,T7-10,0.030303,235.442871,0.251346,26.27,27.08
168,6/30/2022,T,7,T7,10,T7-10,0.038839,224.890717,0.435204,26.27,26.28
169,6/30/2022,T,7,T7,10,T7-10,0.055864,144.554977,0.592201,26.28,26.86
170,6/30/2022,T,7,T7,11,T7-11,0.524806,261.655579,0.292551,26.28,25.49
171,6/30/2022,T,7,T7,11,T7-11,0.546975,172.419189,0.516167,26.27,24.61
172,6/30/2022,T,7,T7,11,T7-11,0.746917,160.120361,0.434071,26.25,24.61
173,6/30/2022,T,7,T7,12,T7-12,1.175232,135.152939,0.623681,26.17,23.06
174,6/30/2022,T,7,T7,12,T7-12,1.273913,108.398796,0.665196,26.16,23.47
175,6/30/2022,T,7,T7,12,T7-12,1.026531,120.384689,0.65916,26.15,23.37
176,6/30/2022,T,7,T7,13,T7-13,0.100433,115.418312,0.672551,26.14,26.15
177,6/30/2022,T,7,T7,13,T7-13,0.07355,240.177872,0.320341,26.14,26.49
178,6/30/2022,T,7,T7,13,T7-13,0.019605,238.278152,0.357906,26.15,26.51
179,6/30/2022,T,7,T7,14,T7-14,0.863575,138.090485,0.600684,26.14,23.42
180,6/30/2022,T,7,T7,14,T7-14,0.922132,105.602501,0.673916,26.13,23.94
181,6/30/2022,T,7,T7,14,T7-14,0.989013,94.18631,0.704901,26.12,23.4
182,6/30/2022,T,7,T7,15,T7-15,0.684439,135.518784,0.543835,26.1,23.97
183,6/30/2022,T,7,T7,15,T7-15,0.691611,154.101486,0.549834,26.08,23.99
184,6/30/2022,T,7,T7,15,T7-15,0.827596,102.118492,0.644508,26.07,23.61
1,7/5/2022,T,8,T8,1,T8-1,0.088603,93.542931,0.762071,24.17,23.56
2,7/5/2022,T,8,T8,1,T8-1,0.126416,92.491508,0.764837,24.18,23.51
3,7/5/2022,T,8,T8,1,T8-1,0.089709,97.435715,0.757008,24.19,24.08
4,7/5/2022,T,8,T8,2,T8-2,0.078278,145.618195,0.643383,24.32,24.16
5,7/5/2022,T,8,T8,2,T8-2,0.057741,155.879623,0.622933,24.34,24.28
6,7/5/2022,T,8,T8,2,T8-2,0.043028,205.270889,0.487953,24.38,24.4
7,7/5/2022,T,8,T8,3,T8-3,0.028931,85.990189,0.76422,24.5,24.55
8,7/5/2022,T,8,T8,3,T8-3,0.05768,85.023163,0.763941,24.53,24.45
9,7/5/2022,T,8,T8,3,T8-3,0.049757,84.022522,0.76393,24.56,24.57
10,7/5/2022,T,8,T8,4,T8-4,0.334413,83.035469,0.787732,24.7,23.03
11,7/5/2022,T,8,T8,4,T8-4,0.453316,73.270081,0.788632,24.72,23.07
12,7/5/2022,T,8,T8,5,T8-5,0.499853,80.86145,0.780062,24.75,22.97
13,7/5/2022,T,8,T8,5,T8-5,0.387913,89.865089,0.774045,24.85,22.99
14,7/5/2022,T,8,T8,5,T8-5,0.400953,95.618607,0.760117,24.9,23.18
15,7/5/2022,T,8,T8,5,T8-5,0.318975,98.868729,0.746564,24.93,23.23
16,7/5/2022,T,8,T8,6,T8-6,0.090713,77.867744,0.765301,25.02,24.19
17,7/5/2022,T,8,T8,6,T8-6,0.138824,79.473854,0.759718,25.04,23.85
18,7/5/2022,T,8,T8,6,T8-6,0.087967,79.078316,0.7591,25.07,24.63
19,7/5/2022,T,8,T8,7,T8-7,0.781095,92.35704,0.754389,25.19,22.09
20,7/5/2022,T,8,T8,7,T8-7,0.777582,94.274994,0.76659,25.22,22.69
21,7/5/2022,T,8,T8,7,T8-7,0.850477,106.292366,0.733576,25.25,22.29
22,7/5/2022,T,8,T8,8,T8-8,0.086696,87.792274,0.77104,25.34,25.26
23,7/5/2022,T,8,T8,8,T8-8,0.064647,85.512039,0.769628,25.35,25.2
24,7/5/2022,T,8,T8,8,T8-8,0.064609,89.978455,0.764593,25.38,24.66
25,7/5/2022,T,8,T8,9,T8-9,0.272179,96.208694,0.735777,25.61,23.64
26,7/5/2022,T,8,T8,9,T8-9,0.174521,114.340065,0.693393,25.66,23.47
27,7/5/2022,T,8,T8,9,T8-9,0.103289,100.675461,0.732175,25.7,24.52
28,7/5/2022,T,8,T8,10,T8-10,0.372933,83.512901,0.7722,25.79,23.8
29,7/5/2022,T,8,T8,10,T8-10,0.411102,81.200478,0.77844,25.81,24.22
30,7/5/2022,T,8,T8,10,T8-10,0.399273,85.308907,0.772056,25.82,24.5
31,7/5/2022,T,8,T8,11,T8-11,0.155147,85.122589,0.764983,25.88,24.71
32,7/5/2022,T,8,T8,11,T8-11,0.175891,81.171509,0.766146,25.89,24.77
33,7/5/2022,T,8,T8,11,T8-11,0.173426,95.286011,0.750816,25.91,25.04
34,7/5/2022,T,8,T8,12,T8-12,0.2533,87.952133,0.774189,25.99,23.78
35,7/5/2022,T,8,T8,12,T8-12,0.189375,85.380432,0.770018,26,24.13
36,7/5/2022,T,8,T8,12,T8-12,0.201768,114.244934,0.697338,26.01,24.41
37,7/5/2022,T,8,T8,13,T8-13,0.30574,95.869659,0.761291,26.05,23.75
38,7/5/2022,T,8,T8,13,T8-13,0.247538,95.670464,0.75806,26.05,24.74
39,7/5/2022,T,8,T8,13,T8-13,0.246579,97.718956,0.749827,26.07,24.47
40,7/5/2022,T,8,T8,14,T8-14,0.440856,155.082825,0.565706,26.1,23.07
41,7/5/2022,T,8,T8,14,T8-14,0.210137,149.968033,0.57272,26.1,24.02
42,7/5/2022,T,8,T8,14,T8-14,0.196262,126.421448,0.610194,26.1,24.95
43,7/5/2022,T,8,T8,14,T8-14,0.165449,166.578766,0.579201,26.12,24.77
44,7/5/2022,T,8,T8,15,T8-15,0.198562,88.934181,0.757882,26.16,24.17
45,7/5/2022,T,8,T8,15,T8-15,0.234613,113.130211,0.708539,26.17,24.51
46,7/5/2022,T,8,T8,15,T8-15,0.169961,101.771591,0.72604,26.18,24.78
269,7/5/2022,T,9,T9,1,T9-1,0.636913,108.246803,0.731169,25.21,22.93
270,7/5/2022,T,9,T9,1,T9-1,0.791219,96.007347,0.751205,25.21,23.85
271,7/5/2022,T,9,T9,1,T9-1,0.918972,94.463112,0.744683,25.2,22.72
272,7/5/2022,T,9,T9,2,T9-2,0.505983,94.084381,0.765143,25.2,22.57
273,7/5/2022,T,9,T9,2,T9-2,0.409725,103.909492,0.737473,25.19,23.18
274,7/5/2022,T,9,T9,2,T9-2,0.478773,128.951675,0.683493,25.19,22.76
275,7/5/2022,T,9,T9,3,T9-3,0.41191,182.535416,0.515705,25.15,22.9
276,7/5/2022,T,9,T9,3,T9-3,0.438626,156.570557,0.563959,25.14,23.18
277,7/5/2022,T,9,T9,3,T9-3,0.509923,184.596771,0.469908,25.12,23.02
278,7/5/2022,T,9,T9,4,T9-4,0.637034,99.495293,0.737981,25.08,22.57
279,7/5/2022,T,9,T9,4,T9-4,0.611481,131.122833,0.660584,25.06,22.93
280,7/5/2022,T,9,T9,4,T9-4,0.669366,224.182968,0.424072,25.06,22.93
281,7/5/2022,T,9,T9,5,T9-5,0.925258,102.397797,0.732006,25.05,22.65
282,7/5/2022,T,9,T9,5,T9-5,0.494987,228.83963,0.455969,25.05,23.54
283,7/5/2022,T,9,T9,5,T9-5,0.608287,241.006134,0.41798,25.06,23.37
284,7/5/2022,T,9,T9,6,T9-6,0.276673,93.185303,0.734772,25.08,22.73
285,7/5/2022,T,9,T9,6,T9-6,0.340409,94.019295,0.7281,25.08,22.76
286,7/5/2022,T,9,T9,6,T9-6,0.325066,100.112915,0.712463,25.08,23.04
287,7/5/2022,T,9,T9,7,T9-7,0.490948,122.284058,0.703327,25.08,22.57
288,7/5/2022,T,9,T9,7,T9-7,0.47186,94.211342,0.756246,25.08,22.9
289,7/5/2022,T,9,T9,7,T9-7,0.423869,97.721817,0.752738,25.07,22.5
290,7/5/2022,T,9,T9,8,T9-8,0.544436,99.799988,0.737273,25.05,22.41
291,7/5/2022,T,9,T9,8,T9-8,0.578817,91.909645,0.745283,25.04,22.66
292,7/5/2022,T,9,T9,8,T9-8,0.60604,92.560173,0.748457,25.03,22.84
293,7/5/2022,T,9,T9,9,T9-9,0.853028,106.767654,0.729651,25,22.49
294,7/5/2022,T,9,T9,9,T9-9,0.922292,106.196167,0.72982,24.99,22.46
295,7/5/2022,T,9,T9,9,T9-9,0.752587,100.000259,0.727593,24.98,22.55
296,7/5/2022,T,9,T9,10,T9-10,0.523055,106.324196,0.732254,25,22.65
297,7/5/2022,T,9,T9,10,T9-10,0.664465,107.88131,0.726827,25.02,22.77
298,7/5/2022,T,9,T9,10,T9-10,0.58768,108.374832,0.727758,25.03,22.65
299,7/5/2022,T,9,T9,11,T9-11,0.340031,121.464012,0.692752,25.04,23.03
300,7/5/2022,T,9,T9,11,T9-11,0.385631,101.281647,0.742351,25.04,22.73
301,7/5/2022,T,9,T9,11,T9-11,0.443393,108.022217,0.731395,25.03,22.87
302,7/5/2022,T,9,T9,12,T9-12,0.554041,94.66803,0.746768,25.02,22.34
303,7/5/2022,T,9,T9,12,T9-12,0.494919,95.685127,0.755879,25.01,22.52
304,7/5/2022,T,9,T9,12,T9-12,0.32566,96.436501,0.748158,25,22.79
305,7/5/2022,T,9,T9,13,T9-13,0.972379,115.64505,0.707535,24.98,22.71
306,7/5/2022,T,9,T9,13,T9-13,1.028139,106.869576,0.722048,24.97,22.66
307,7/5/2022,T,9,T9,13,T9-13,1.159269,114.217041,0.699538,24.96,22.67
308,7/5/2022,T,9,T9,14,T9-14,1.003233,90.497734,0.740743,24.96,22.35
309,7/5/2022,T,9,T9,14,T9-14,1.177063,76.694016,0.787212,24.96,22.51
310,7/5/2022,T,9,T9,14,T9-14,0.961641,83.725693,0.755074,24.95,22.4
311,7/5/2022,T,9,T9,15,T9-15,0.887946,109.20417,0.714556,24.94,22.23
312,7/5/2022,T,9,T9,15,T9-15,0.825201,169.189453,0.571164,24.93,22.64
313,7/5/2022,T,9,T9,15,T9-15,0.964089,125.988724,0.667912,24.93,22.25
179,7/5/2022,T,10,T10,1,T10-1,0.117631,101.801277,0.717253,27.91,25.33
180,7/5/2022,T,10,T10,1,T10-1,0.081099,191.674225,0.4864,27.91,26.47
181,7/5/2022,T,10,T10,1,T10-1,0.327951,100.183014,0.702666,27.9,25.07
182,7/5/2022,T,10,T10,2,T10-2,0.157288,131.360657,0.659057,27.89,26.02
183,7/5/2022,T,10,T10,2,T10-2,0.079331,153.959152,0.578371,27.88,26.69
184,7/5/2022,T,10,T10,2,T10-2,0.092943,113.597275,0.704205,27.88,26.85
185,7/5/2022,T,10,T10,3,T10-3,0.519249,95.800278,0.739667,27.87,24.21
186,7/5/2022,T,10,T10,3,T10-3,0.480558,93.454597,0.751891,27.86,25.1
187,7/5/2022,T,10,T10,3,T10-3,0.422195,97.491142,0.75252,27.85,25.37
188,7/5/2022,T,10,T10,4,T10-4,0.232739,135.7677,0.61467,27.81,23.68
189,7/5/2022,T,10,T10,4,T10-4,0.234737,124.958755,0.657158,27.8,24.15
190,7/5/2022,T,10,T10,4,T10-4,0.370917,124.205589,0.645442,27.77,24.55
191,7/5/2022,T,10,T10,5,T10-5,0.304061,91.305252,0.758238,27.71,23.87
192,7/5/2022,T,10,T10,5,T10-5,0.256998,96.240524,0.761014,27.69,25.31
193,7/5/2022,T,10,T10,5,T10-5,0.522909,94.501373,0.758111,27.67,25.04
194,7/5/2022,T,10,T10,6,T10-6,0.50609,86.29525,0.756684,27.59,23.97
195,7/5/2022,T,10,T10,6,T10-6,0.383905,106.911781,0.717533,27.57,24.93
196,7/5/2022,T,10,T10,6,T10-6,0.709438,92.909576,0.74604,27.54,24.07
197,7/5/2022,T,10,T10,7,T10-7,0.592544,102.369186,0.737582,27.42,24.52
198,7/5/2022,T,10,T10,7,T10-7,0.451,102.321625,0.741391,27.4,24.99
199,7/5/2022,T,10,T10,7,T10-7,0.700237,115.291,0.708289,27.37,24.43
200,7/5/2022,T,10,T10,8,T10-8,0.692922,96.237305,0.742758,27.29,23.9
201,7/5/2022,T,10,T10,8,T10-8,0.784344,93.437431,0.766469,27.25,24.09
202,7/5/2022,T,10,T10,8,T10-8,0.154094,88.271141,0.757122,27.23,26.02
203,7/5/2022,T,10,T10,9,T10-9,0.097895,260.524384,0.352834,26.87,25.01
204,7/5/2022,T,10,T10,9,T10-9,0.319787,152.865524,0.631496,26.85,24.8
205,7/5/2022,T,10,T10,9,T10-9,0.178459,237.708801,0.443284,26.82,25.48
206,7/5/2022,T,10,T10,10,T10-10,0.558512,99.218842,0.733279,26.71,23.75
207,7/5/2022,T,10,T10,10,T10-10,0.310374,127.649185,0.660502,26.68,24.47
208,7/5/2022,T,10,T10,10,T10-10,0.35264,134.279968,0.668904,26.66,24.57
209,7/5/2022,T,10,T10,11,T10-11,0.524297,92.420341,0.751765,26.59,23.47
210,7/5/2022,T,10,T10,11,T10-11,0.693063,88.761093,0.762814,26.56,23.73
211,7/5/2022,T,10,T10,11,T10-11,0.449853,94.9291,0.742633,26.53,23.74
212,7/5/2022,T,10,T10,12,T10-12,0.442325,82.426071,0.772979,26.44,23.48
213,7/5/2022,T,10,T10,12,T10-12,0.467444,82.782623,0.77231,26.41,23.17
214,7/5/2022,T,10,T10,12,T10-12,0.537355,84.318993,0.770841,26.35,23.97
215,7/5/2022,T,10,T10,13,T10-13,0.785274,95.29924,0.735384,26.26,22.78
216,7/5/2022,T,10,T10,13,T10-13,0.714628,111.075996,0.705027,26.24,23.46
217,7/5/2022,T,10,T10,13,T10-13,0.763886,101.831314,0.71358,26.21,23.41
218,7/5/2022,T,10,T10,14,T10-14,0.551309,101.63784,0.730888,26.14,23.73
219,7/5/2022,T,10,T10,14,T10-14,0.457511,174.568527,0.57235,26.12,24.27
220,7/5/2022,T,10,T10,14,T10-14,0.467712,184.720154,0.545327,26.11,24.32
221,7/5/2022,T,10,T10,15,T10-15,0.388877,95.013138,0.753738,26.08,23.37
222,7/5/2022,T,10,T10,15,T10-15,0.352519,106.731888,0.731194,26.09,23.71
223,7/5/2022,T,10,T10,15,T10-15,0.308383,134.796021,0.649958,26.1,24.57
1,6/30/2022,T,11,T11,1,T11-1,0.527707,147.840149,0.5539,26.75,24.55
2,6/30/2022,T,11,T11,1,T11-1,0.410957,252.887253,0.368587,26.7,25.68
3,6/30/2022,T,11,T11,1,T11-1,0.393719,290.800812,0.197361,26.63,25.95
4,6/30/2022,T,11,T11,2,T11-2,1.070731,94.455597,0.769183,26.21,22.11
5,6/30/2022,T,11,T11,2,T11-2,0.657802,96.02594,0.776118,26.16,22.51
6,6/30/2022,T,11,T11,2,T11-2,0.976807,99.797485,0.759463,26.12,23.01
7,6/30/2022,T,11,T11,3,T11-3,0.638614,88.451027,0.764338,25.4,22.7
8,6/30/2022,T,11,T11,3,T11-3,0.499742,90.726974,0.768944,25.36,23.57
9,6/30/2022,T,11,T11,3,T11-3,0.470477,91.41433,0.760449,25.33,23.15
10,6/30/2022,T,11,T11,4,T11-4,0.471002,99.389435,0.765541,25.28,21.81
11,6/30/2022,T,11,T11,4,T11-4,0.829748,86.99691,0.783755,25.23,21.74
12,6/30/2022,T,11,T11,4,T11-4,0.885454,112.230423,0.717629,25.19,22.1
13,6/30/2022,T,11,T11,5,T11-5,2.379592,96.114281,0.692858,25.07,21.33
14,6/30/2022,T,11,T11,5,T11-5,2.556644,105.839249,0.653494,24.99,21.52
15,6/30/2022,T,11,T11,5,T11-5,2.053134,101.131798,0.628657,24.95,21.18
19,6/30/2022,T,11,T11,6,T11-6,0.946877,76.979401,0.789612,24.84,21.68
20,6/30/2022,T,11,T11,6,T11-6,0.880157,97.849487,0.749156,24.82,22.25
21,6/30/2022,T,11,T11,6,T11-6,1.016859,78.063728,0.794136,24.8,22.06
23,6/30/2022,T,11,T11,7,T11-7,0.432535,101.085304,0.728508,24.74,22.54
24,6/30/2022,T,11,T11,7,T11-7,0.549069,94.062569,0.746919,24.73,22.29
25,6/30/2022,T,11,T11,7,T11-7,0.626079,85.571411,0.766266,24.7,22.53
26,6/30/2022,T,11,T11,8,T11-8,0.469797,87.007286,0.766645,24.68,22.06
27,6/30/2022,T,11,T11,8,T11-8,0.368623,127.068398,0.706977,24.67,22.54
28,6/30/2022,T,11,T11,8,T11-8,0.491545,83.66597,0.77095,24.66,22.47
29,6/30/2022,T,11,T11,9,T11-9,0.426846,97.738625,0.74484,24.47,21.34
30,6/30/2022,T,11,T11,9,T11-9,0.372079,97.099899,0.742884,24.45,21.81
31,6/30/2022,T,11,T11,9,T11-9,0.575284,110.98909,0.709229,24.43,21.87
32,6/30/2022,T,11,T11,10,T11-10,0.786444,79.547523,0.695946,24.41,23.85
33,6/30/2022,T,11,T11,10,T11-10,0.79848,76.32637,0.711683,24.42,23.02
34,6/30/2022,T,11,T11,10,T11-10,0.823716,129.622223,0.467172,24.5,24.13
35,6/30/2022,T,11,T11,11,T11-11,0.674734,91.52877,0.751258,24.53,22.31
36,6/30/2022,T,11,T11,11,T11-11,0.536677,104.450943,0.748119,24.54,23.02
37,6/30/2022,T,11,T11,11,T11-11,0.558986,101.49765,0.734382,24.54,22.83
38,6/30/2022,T,11,T11,12,T11-12,0.359335,88.95385,0.762612,24.54,21.6
39,6/30/2022,T,11,T11,12,T11-12,0.530025,82.831978,0.773342,24.54,22.64
40,6/30/2022,T,11,T11,12,T11-12,0.562799,92.618111,0.749123,24.53,24.59
41,6/30/2022,T,11,T11,13,T11-13,0.574293,93.210693,0.745092,24.53,22.74
42,6/30/2022,T,11,T11,13,T11-13,0.571989,94.74456,0.752069,24.52,21.61
43,6/30/2022,T,11,T11,13,T11-13,0.523208,88.865875,0.748169,24.51,23.25
44,6/30/2022,T,11,T11,14,T11-14,0.852376,90.338943,0.752747,24.49,21.52
45,6/30/2022,T,11,T11,14,T11-14,0.852947,88.53257,0.755306,24.48,21.83
46,6/30/2022,T,11,T11,14,T11-14,1.044969,89.069725,0.764826,24.46,21.94
47,6/30/2022,T,11,T11,15,T11-15,0.812484,129.885788,0.697872,24.46,21.79
48,6/30/2022,T,11,T11,15,T11-15,0.86871,87.549446,0.758928,24.47,22.06
49,6/30/2022,T,11,T11,15,T11-15,0.774414,98.846558,0.760712,24.47,22.61
46,7/4/2022,T,12,T12,1,T12-1,0.657725,74.347618,0.743214,26.41,23.59
47,7/4/2022,T,12,T12,1,T12-1,0.521681,74.999573,0.74301,26.43,23.41
48,7/4/2022,T,12,T12,1,T12-1,0.755254,74.310776,0.757873,26.44,23.25
49,7/4/2022,T,12,T12,2,T12-2,0.124508,87.438225,0.779013,26.41,24.8
50,7/4/2022,T,12,T12,2,T12-2,0.324628,98.519325,0.747742,26.41,24.43
51,7/4/2022,T,12,T12,2,T12-2,0.310184,104.351875,0.730138,26.4,24.62
52,7/4/2022,T,12,T12,3,T12-3,0.11567,156.357056,0.662475,26.4,24.28
53,7/4/2022,T,12,T12,3,T12-3,0.058942,242.258911,0.409124,26.39,25.07
54,7/4/2022,T,12,T12,3,T12-3,0.161345,96.600655,0.766187,26.39,24.25
55,7/4/2022,T,12,T12,4,T12-4,0.110571,93.263985,0.759427,26.4,24.31
56,7/4/2022,T,12,T12,4,T12-4,0.031638,100.612167,0.702576,26.4,24.83
57,7/4/2022,T,12,T12,4,T12-4,0.212042,93.800423,0.77019,26.4,23.86
58,7/4/2022,T,12,T12,5,T12-5,0.262788,123.189568,0.694507,26.41,24.09
59,7/4/2022,T,12,T12,5,T12-5,0.274826,94.166275,0.772051,26.41,24.33
60,7/4/2022,T,12,T12,5,T12-5,0.290215,87.362411,0.777783,26.41,24.67
61,7/4/2022,T,12,T12,6,T12-6,0.291978,90.361473,0.78855,26.42,23.75
62,7/4/2022,T,12,T12,6,T12-6,0.558112,98.228577,0.767746,26.42,23.24
63,7/4/2022,T,12,T12,6,T12-6,0.077823,110.777733,0.744168,26.42,24.68
64,7/4/2022,T,12,T12,7,T12-7,0.519625,85.984825,0.769608,26.44,23.29
65,7/4/2022,T,12,T12,7,T12-7,0.631252,80.714821,0.770962,26.44,23.55
66,7/4/2022,T,12,T12,7,T12-7,0.725744,80.965515,0.772211,26.46,23.79
67,7/4/2022,T,12,T12,8,T12-8,0.441573,88.500381,0.754875,26.48,23.31
68,7/4/2022,T,12,T12,8,T12-8,0.459296,87.662819,0.755325,26.49,23.88
69,7/4/2022,T,12,T12,8,T12-8,0.225487,97.51046,0.728489,26.49,24.3
70,7/4/2022,T,12,T12,9,T12-9,0.284568,82.429291,0.748683,26.54,24.17
71,7/4/2022,T,12,T12,9,T12-9,0.380416,83.267929,0.723125,26.55,24.35
72,7/4/2022,T,12,T12,9,T12-9,0.36285,91.513039,0.702158,26.6,23.98
73,7/4/2022,T,12,T12,10,T12-10,0.275947,82.189682,0.765274,26.65,23.5
74,7/4/2022,T,12,T12,10,T12-10,0.302254,80.165146,0.764045,26.65,23.79
75,7/4/2022,T,12,T12,10,T12-10,0.225045,77.924255,0.758801,26.66,24.26
76,7/4/2022,T,12,T12,11,T12-11,0.75304,93.819382,0.751148,26.69,23.43
77,7/4/2022,T,12,T12,11,T12-11,0.689273,93.807938,0.758402,26.69,24.06
78,7/4/2022,T,12,T12,11,T12-11,0.83571,103.463173,0.721722,26.7,23.71
